Date,Open,High,Low,Close,Volume,Adjusted Close
2015-09-15,3043.804932,3081.702881,2983.919922,3005.172119,249200.0,3005.172119
2015-09-14,3221.165039,3229.481934,3049.22998,3114.798096,346600.0,3114.798096
2015-09-11,3189.479004,3223.761963,3163.448975,3200.233887,224600.0,3200.233887
2015-09-10,3190.552979,3243.281006,3178.904053,3197.893066,273300.0,3197.893066
2015-09-09,3182.552002,3256.74292,3165.696045,3243.089111,375300.0,3243.089111
2015-09-08,3054.444092,3174.708984,3011.116943,3170.451904,255400.0,3170.451904
2015-09-07,3149.379883,3217.579102,3066.303955,3080.419922,296500.0,3080.419922
2015-09-02,3027.677979,3194.485107,3019.086914,3160.166992,438200.0,3160.166992
2015-09-01,3157.832031,3180.331055,3053.738037,3166.624023,432400.0,3166.624023
2015-08-31,3203.559082,3207.862061,3109.163086,3205.986084,397400.0,3205.986084
2015-08-28,3125.263916,3235.839111,3102.945068,3232.350098,443100.0,3232.350098
2015-08-27,2978.030029,3085.422119,2906.48999,3083.591064,400300.0,3083.591064
2015-08-26,2980.793945,3092.041016,2850.714111,2927.288086,466700.0,2927.288086
2015-08-25,3004.125977,3123.033936,2947.944092,2964.967041,352300.0,2964.967041
2015-08-24,3373.478027,3388.364014,3191.878906,3209.905029,334700.0,3209.905029
2015-08-21,3609.958984,3652.836914,3490.540039,3507.743896,369900.0,3507.743896
2015-08-20,3754.566895,3788.004883,3663.606934,3664.291016,390100.0,3664.291016
2015-08-19,3646.802979,3811.427002,3558.383057,3794.108887,475400.0,3794.108887
2015-08-18,3999.134033,4006.336914,3743.394043,3748.164062,543800.0,3748.164062
2015-08-17,3947.843994,3994.537109,3907.398926,3993.667969,460400.0,3993.667969
2015-08-14,3976.405029,4000.684082,3939.834961,3965.334961,468000.0,3965.334961
2015-08-13,3869.910889,3955.789062,3838.158936,3954.555908,430100.0,3954.555908
2015-08-12,3881.228027,3937.771973,3871.135986,3886.320068,442700.0,3886.320068
2015-08-11,3928.808105,3970.336914,3891.178955,3927.907959,538900.0,3927.907959
2015-08-10,3786.032959,3943.624023,3775.854004,3928.415039,497300.0,3928.415039
2015-08-07,3692.614014,3756.73999,3686.300049,3744.205078,340800.0,3744.205078
2015-08-06,3625.503906,3710.570068,3614.741943,3661.539062,274100.0,3661.539062
2015-08-05,3745.645996,3782.352051,3676.389893,3694.572998,366400.0,3694.572998
2015-08-04,3621.85498,3757.029053,3601.289062,3756.544922,362900.0,3756.544922
2015-08-03,3614.98999,3648.943115,3549.496094,3622.905029,364000.0,3622.905029
2015-07-31,3655.666992,3729.511963,3620.165039,3663.726074,351000.0,3663.726074
2015-07-30,3773.788086,3844.374023,3685.956055,3705.766113,457900.0,3705.766113
2015-07-29,3689.824951,3792.072021,3612.063965,3789.167969,434400.0,3789.167969
2015-07-28,3573.143066,3762.525879,3537.35791,3663.001953,563300.0,3663.001953
2015-07-27,3985.570068,4051.158936,3720.444092,3725.558105,556000.0,3725.558105
2015-07-24,4124.754883,4184.449219,4044.831055,4070.907959,627400.0,4070.907959
2015-07-23,4022.268066,4132.611816,4019.038086,4123.922852,563600.0,4123.922852
2015-07-22,3996.427002,4042.337891,3960.864014,4026.044922,520700.0,4026.044922
2015-07-21,3939.897949,4041.819092,3912.801025,4017.675049,504300.0,4017.675049
2015-07-20,3948.420898,4021.325928,3927.121094,3992.110107,539100.0,3992.110107
2015-07-17,3831.420898,3994.477051,3814.146973,3957.352051,481700.0,3957.352051
2015-07-16,3758.504883,3877.513916,3688.441895,3823.176025,492300.0,3823.176025
2015-07-15,3874.968018,3914.272949,3741.25,3805.702881,601300.0,3805.702881
2015-07-14,3958.373047,4035.435059,3855.560059,3924.487061,670600.0,3924.487061
2015-07-13,3918.98999,4030.195068,3858.636963,3970.387939,643500.0,3970.387939
2015-07-10,3707.458008,3959.219971,3677.435059,3877.802979,586400.0,3877.802979
2015-07-09,3432.454102,3748.479004,3373.540039,3709.330078,656900.0,3709.330078
2015-07-08,3467.398926,3599.25293,3421.524902,3507.191895,680400.0,3507.191895
2015-07-07,3654.778076,3750.570068,3585.398926,3727.125,698800.0,3727.125
2015-07-06,3975.214111,3975.214111,3653.037109,3775.912109,831100.0,3775.912109
2015-07-03,3793.711914,3927.12793,3629.555908,3686.915039,548200.0,3686.915039
2015-07-02,4058.624023,4080.386963,3795.25293,3912.76709,586000.0,3912.76709
2015-07-01,4214.149902,4317.053223,4043.366943,4053.699951,598800.0,4053.699951
2015-06-30,4006.753906,4279.969238,3847.879883,4277.222168,709200.0,4277.222168
2015-06-29,4289.770996,4297.475098,3875.050049,4053.030029,673800.0,4053.030029
2015-06-26,4399.933105,4456.895996,4139.529785,4192.873047,565200.0,4192.873047
2015-06-25,4711.763184,4720.701172,4483.547852,4527.778809,572800.0,4527.778809
2015-06-24,4604.579102,4691.768066,4552.128906,4690.149902,543000.0,4690.149902
2015-06-23,4471.612793,4577.938965,4264.771973,4576.492188,473500.0,4576.492188
2015-06-19,4689.929199,4744.081055,4476.500977,4478.36377,452700.0,4478.36377
2015-06-18,4942.52002,4966.76709,4780.873047,4785.355957,507400.0,4785.355957
2015-06-17,4890.550781,4983.658203,4767.21582,4967.897949,537100.0,4967.897949
2015-06-16,5004.412109,5029.684082,4842.100098,4887.432129,550800.0,4887.432129
2015-06-15,5174.417969,5176.794922,5048.742188,5062.993164,637800.0,5062.993164
2015-06-12,5143.342773,5178.190918,5103.400879,5166.350098,625600.0,5166.350098
2015-06-11,5101.439941,5122.457031,5050.765137,5121.592773,564000.0,5121.592773
2015-06-10,5049.196777,5164.162109,5001.48877,5106.036133,597000.0,5106.036133
2015-06-09,5145.978027,5147.454102,5042.962891,5113.53418,729900.0,5113.53418
2015-06-08,5045.693848,5146.949219,4997.480957,5131.880859,855000.0,5131.880859
2015-06-05,5016.087891,5051.625977,4898.067871,5023.096191,772200.0,5023.096191
2015-06-04,4912.944824,4947.964844,4647.407227,4947.102051,675000.0,4947.102051
2015-06-03,4924.380859,4942.064941,4822.441895,4909.978027,611500.0,4909.978027
2015-06-02,4844.704102,4911.574219,4797.551758,4910.526855,623700.0,4910.526855
2015-06-01,4633.098145,4829.501953,4615.230957,4828.737793,593400.0,4828.737793
2015-05-29,4603.464844,4698.192871,4431.562988,4611.744141,611300.0,4611.744141
2015-05-28,4943.742188,4986.50293,4614.241211,4620.266113,783000.0,4620.266113
2015-05-27,4932.846191,4958.155762,4857.056152,4941.713867,681200.0,4941.713867
2015-05-26,4854.850098,4911.685059,4779.075195,4910.896973,704900.0,4910.896973
2015-05-25,4660.075195,4814.671875,4656.825195,4813.797852,662000.0,4813.797852
2015-05-22,4584.983887,4658.272949,4562.98877,4657.596191,655600.0,4657.596191
2015-05-21,4456.435059,4530.478027,4438.257812,4529.421875,465000.0,4529.421875
2015-05-20,4434.979004,4520.538086,4432.278809,4446.288086,514100.0,4446.288086
2015-05-19,4285.776855,4418.402832,4285.776855,4417.551758,436700.0,4417.551758
2015-05-18,4277.89502,4324.826172,4260.508789,4283.491211,380100.0,4283.491211
2015-05-15,4366.821777,4366.821777,4278.553223,4308.690918,439700.0,4308.690918
2015-05-14,4372.815918,4397.745117,4329.041992,4378.311035,449100.0,4378.311035
2015-05-13,4402.37793,4415.628906,4342.480957,4375.759766,510500.0,4375.759766
2015-05-12,4342.370117,4402.309082,4317.975098,4401.219238,521900.0,4401.219238
2015-05-11,4231.270996,4334.876953,4187.819824,4333.583984,488800.0,4333.583984
2015-05-08,4152.983887,4206.859863,4099.041992,4205.916992,397400.0,4205.916992
2015-05-07,4197.895996,4213.76416,4108.008789,4112.213867,394600.0,4112.213867
2015-05-06,4311.641113,4376.353027,4187.368164,4229.266113,481700.0,4229.266113
2015-05-05,4479.848145,4488.865234,4282.236816,4298.706055,572900.0,4298.706055
2015-05-04,4441.342773,4487.569824,4387.425781,4480.463867,494200.0,4480.463867
2015-05-01,4483.009766,4507.339844,4441.049805,4441.660156,0.0,4441.660156
2015-04-30,4483.013184,4507.344238,4441.054199,4441.654785,526700.0,4441.654785
2015-04-29,4446.119141,4499.944824,4398.63916,4476.620117,519800.0,4476.620117
2015-04-28,4527.634766,4572.391113,4432.903809,4476.214844,767700.0,4476.214844
2015-04-27,4441.929199,4529.734863,4441.929199,4527.395996,671100.0,4527.395996
2015-04-24,4355.951172,4416.375977,4318.119141,4393.686035,628600.0,4393.686035
2015-04-23,4414.484863,4444.410156,4358.844238,4414.507812,667300.0,4414.507812
2015-04-22,4304.597168,4400.192871,4297.951172,4398.494141,680300.0,4398.494141
2015-04-21,4212.185059,4294.375,4188.568848,4293.623047,634500.0,4293.623047
2015-04-20,4301.352051,4356.000977,4190.681152,4217.077148,857100.0,4217.077148
2015-04-17,4254.723145,4317.223145,4238.910156,4287.295898,701700.0,4287.295898
2015-04-16,4055.916016,4195.305176,4031.243896,4194.823242,551200.0,4194.823242
2015-04-15,4135.647949,4175.494141,4069.00708,4084.163086,613000.0,4084.163086
2015-04-14,4125.782227,4168.346191,4091.25708,4135.564941,610700.0,4135.564941
2015-04-13,4072.7229,4128.071777,4057.292969,4121.714844,589800.0,4121.714844
2015-04-10,3947.491943,4040.3479,3929.319092,4034.310059,484300.0,4034.310059
2015-04-09,4006.129883,4016.395996,3900.0271,3957.533936,585200.0,3957.533936
2015-04-08,3976.531982,4000.219971,3903.647949,3994.811035,618100.0,3994.811035
2015-04-07,3899.419922,3961.666016,3891.728027,3961.37793,570400.0,3961.37793
2015-04-03,3803.383057,3864.405029,3792.210938,3863.928955,473000.0,3863.928955
2015-04-02,3827.688965,3835.450928,3775.894043,3825.783936,479300.0,3825.783936
2015-04-01,3748.340088,3817.082031,3742.212891,3810.293945,447500.0,3810.293945
2015-03-31,3822.987061,3835.566895,3737.042969,3747.898926,561700.0,3747.898926
2015-03-30,3710.612061,3795.935059,3710.612061,3786.568115,564700.0,3786.568115
2015-03-27,3686.134033,3710.477051,3656.831055,3691.095947,408900.0,3691.095947
2015-03-26,3641.941895,3707.318115,3615.010986,3682.094971,488600.0,3682.094971
2015-03-25,3680.952881,3693.150879,3634.559082,3660.727051,521900.0,3660.727051
2015-03-24,3692.569092,3715.873047,3600.697998,3691.409912,639600.0,3691.409912
2015-03-23,3640.104004,3688.249023,3635.485107,3687.728027,536100.0,3687.728027
2015-03-20,3587.083984,3632.337891,3569.379883,3617.318115,516700.0,3617.318115
2015-03-19,3576.019043,3600.684082,3546.843994,3582.270996,537300.0,3582.270996
2015-03-18,3510.500977,3577.662109,3503.853027,3577.301025,545200.0,3577.301025
2015-03-17,3469.603027,3504.123047,3459.694092,3502.846924,520900.0,3502.846924
2015-03-16,3391.157959,3449.304932,3377.086914,3449.304932,399100.0,3449.304932
2015-03-13,3359.488037,3391.254883,3352.149902,3372.910889,328400.0,3372.910889
2015-03-12,3314.812988,3360.053955,3300.488037,3349.322998,357300.0,3349.322998
2015-03-11,3289.593994,3325.053955,3278.470947,3290.899902,283000.0,3290.899902
2015-03-10,3289.084961,3309.915039,3277.094971,3286.068115,285800.0,3286.068115
2015-03-09,3224.313965,3307.701904,3198.370117,3302.407959,321500.0,3302.407959
2015-03-06,3248.035889,3266.933105,3234.532959,3241.187012,282900.0,3241.187012
2015-03-05,3264.084961,3266.637939,3221.666016,3248.476074,320700.0,3248.476074
2015-03-04,3264.181885,3286.587891,3250.483887,3279.532959,293600.0,3279.532959
2015-03-03,3317.695068,3317.695068,3260.428955,3263.052002,382000.0,3263.052002
2015-03-02,3332.720947,3336.76001,3298.668945,3336.284912,346400.0,3336.284912
2015-02-27,3296.831055,3324.545898,3291.00708,3310.302979,299200.0,3310.302979
2015-02-26,3222.150879,3300.615967,3202.187988,3298.358887,301300.0,3298.358887
2015-02-25,3256.479004,3257.2229,3215.552002,3228.843018,233300.0,3228.843018
2015-02-24,3230.879883,3255.72998,3230.77002,3246.909912,0.0,3246.909912
2015-02-23,3230.879883,3255.72998,3230.77002,3246.909912,0.0,3246.909912
2015-02-20,3230.879883,3255.72998,3230.77002,3246.909912,0.0,3246.909912
2015-02-18,3230.879883,3255.72998,3230.77002,3246.909912,0.0,3246.909912
2015-02-17,3230.884033,3255.725098,3230.771973,3246.906006,228300.0,3246.906006
2015-02-16,3206.136963,3228.845947,3195.884033,3222.363037,223800.0,3222.363037
2015-02-13,3186.808105,3237.158936,3182.793945,3203.826904,261300.0,3203.826904
2015-02-12,3157.958984,3181.766113,3134.243896,3173.416016,194600.0,3173.416016
2015-02-11,3145.764893,3166.420898,3139.052002,3157.704102,172800.0,3157.704102
2015-02-10,3090.48999,3142.099121,3084.25293,3141.593018,193800.0,3141.593018
2015-02-09,3063.51001,3119.033936,3049.111084,3095.124023,206100.0,3095.124023
2015-02-06,3120.090088,3129.539062,3052.938965,3075.906982,246700.0,3075.906982
2015-02-05,3251.211914,3251.211914,3135.819092,3136.531006,306100.0,3136.531006
2015-02-04,3212.822021,3238.981934,3171.144043,3174.125977,249100.0,3174.125977
2015-02-03,3156.085938,3207.935059,3129.731934,3204.906982,248200.0,3204.906982
2015-02-02,3148.135986,3175.134033,3122.572021,3128.300049,250900.0,3128.300049
2015-01-30,3273.74707,3288.50293,3210.308105,3210.363037,258300.0,3210.363037
2015-01-29,3258.99707,3286.785889,3234.240967,3262.304932,274700.0,3262.304932
2015-01-28,3325.721924,3354.802002,3294.655029,3305.738037,301900.0,3305.738037
2015-01-27,3389.853027,3390.216064,3290.218994,3352.959961,374500.0,3352.959961
2015-01-26,3347.25708,3384.798096,3321.314941,3383.181885,317500.0,3383.181885
2015-01-23,3357.095947,3406.785889,3328.292969,3351.763916,366200.0,3351.763916
2015-01-22,3327.319092,3352.384033,3293.978027,3343.343994,353400.0,3343.343994
2015-01-21,3189.084961,3337.003906,3178.343018,3323.611084,411000.0,3323.611084
2015-01-20,3114.560059,3190.245117,3100.477051,3173.052002,357100.0,3173.052002
2015-01-19,3189.727051,3262.207031,3095.065918,3116.351074,401100.0,3116.351074
2015-01-16,3343.603027,3400.318115,3340.48999,3376.495117,339900.0,3376.495117
2015-01-15,3224.070068,3337.083984,3207.544922,3336.455078,282500.0,3336.455078
2015-01-14,3242.336914,3268.48291,3193.978027,3222.437012,240200.0,3222.437012
2015-01-13,3223.541992,3259.385986,3214.412109,3235.301025,230700.0,3235.301025
2015-01-12,3258.212891,3275.185059,3191.582031,3229.315918,322100.0,3229.315918
2015-01-09,3276.965088,3404.833984,3267.509033,3285.412109,410200.0,3285.412109
2015-01-08,3371.957031,3381.565918,3285.094971,3293.456055,371100.0,3293.456055
2015-01-07,3326.648926,3374.895996,3312.210938,3373.954102,391900.0,3373.954102
2015-01-06,3330.799072,3394.224121,3303.184082,3351.446045,501700.0,3351.446045
2015-01-05,3258.626953,3369.281006,3253.883057,3350.519043,531400.0,3350.519043
2015-01-02,3172.600098,3239.360107,3157.26001,3234.679932,0.0,3234.679932
2014-12-31,3172.596924,3239.356934,3157.259033,3234.677002,406000.0,3234.677002
2014-12-30,3160.801025,3190.299072,3130.353027,3165.814941,397700.0,3165.814941
2014-12-29,3212.559082,3223.860107,3126.944092,3168.016113,510100.0,3168.016113
2014-12-26,3078.004883,3164.155029,3064.176025,3157.603027,460700.0,3157.603027
2014-12-24,3039.206055,3050.50708,2934.910889,2972.531982,376800.0,2972.531982
2014-12-23,3085.080078,3136.837891,3025.666992,3032.612061,437800.0,3032.612061
2014-12-22,3129.26709,3189.866943,3090.509033,3127.445068,679400.0,3127.445068
2014-12-19,3053.074951,3117.5271,3018.420898,3108.595947,521100.0,3108.595947
2014-12-18,3062.801025,3089.791016,3030.319092,3057.520996,435900.0,3057.520996
2014-12-17,3031.951904,3076.599121,2993.333008,3061.02002,542500.0,3061.02002
2014-12-16,2953.811035,3021.896973,2943.912109,3021.518066,453800.0,3021.518066
2014-12-15,2921.446045,2960.227051,2890.904053,2953.420898,400400.0,2953.420898
2014-12-12,2929.360107,2962.51001,2914.956055,2938.173096,409500.0,2938.173096
2014-12-11,2912.345947,2965.675049,2892.611084,2926.663086,482600.0,2926.663086
2014-12-10,2855.939941,2946.707031,2807.677979,2940.876953,512900.0,2940.876953
2014-12-09,2992.48999,3091.323975,2834.592041,2859.918945,772000.0,2859.918945
2014-12-08,2907.814941,3041.656982,2879.846924,3021.523926,587600.0,3021.523926
2014-12-05,2926.572998,2978.029053,2813.052002,2938.781006,640500.0,2938.781006
2014-12-04,2783.468994,2900.508057,2772.431885,2900.362061,532700.0,2900.362061
2014-12-03,2768.677979,2824.178955,2733.86792,2779.736084,562100.0,2779.736084
2014-12-02,2667.820068,2777.37207,2665.686035,2763.316895,437700.0,2763.316895
2014-12-01,2691.725098,2720.74292,2668.841064,2680.73999,446800.0,2680.73999
2014-11-28,2629.625977,2683.179932,2622.061035,2682.918945,465900.0,2682.918945
2014-11-27,2615.366943,2631.398926,2599.10791,2630.045898,364100.0,2630.045898
2014-11-26,2572.648926,2605.070068,2570.404053,2604.886963,337100.0,2604.886963
2014-11-25,2531.998047,2568.381104,2527.076904,2567.596924,314300.0,2567.596924
2014-11-24,2505.531982,2546.746094,2495.520996,2533.887939,363500.0,2533.887939
2014-11-21,2452.63501,2488.200928,2446.645996,2487.111084,212200.0,2487.111084
2014-11-20,2443.275879,2458.319092,2437.476074,2452.616943,165500.0,2452.616943
2014-11-19,2452.149902,2461.490967,2442.709961,2451.166992,186200.0,2451.166992
2014-11-18,2474.181885,2477.052002,2449.812988,2457.529053,201100.0,2457.529053
2014-11-17,2506.864014,2508.76709,2472.446045,2475.120117,215700.0,2475.120117
2014-11-14,2477.966064,2481.024902,2457.044922,2479.185059,220600.0,2479.185059
2014-11-13,2494.998047,2507.74292,2471.406982,2486.669922,295000.0,2486.669922
2014-11-12,2454.602051,2494.916992,2444.813965,2494.275879,252900.0,2494.275879
2014-11-11,2483.647949,2508.623047,2445.959961,2470.594971,411900.0,2470.594971
2014-11-10,2436.62793,2474.156006,2428.185059,2473.183105,300600.0,2473.183105
2014-11-07,2427.897949,2454.423096,2407.441895,2419.145996,291200.0,2419.145996
2014-11-06,2419.616943,2426.889893,2401.75,2425.809082,222000.0,2425.809082
2014-11-05,2432.168945,2434.363037,2415.501953,2420.395996,263600.0,2420.395996
2014-11-04,2428.270996,2435.2229,2417.220947,2430.737061,309000.0,2430.737061
2014-11-03,2425.225098,2436.784912,2418.166992,2430.970947,298800.0,2430.970947
2014-10-31,2393.177979,2423.595947,2384.48291,2420.177979,325800.0,2420.177979
2014-10-30,2371.891113,2397.256104,2365.918945,2391.075928,294600.0,2391.075928
2014-10-29,2343.719971,2381.643066,2339.711914,2373.030029,265600.0,2373.030029
2014-10-28,2294.011963,2338.278076,2294.011963,2337.871094,178600.0,2337.871094
2014-10-27,2293.572998,2293.644043,2279.835938,2290.437012,130300.0,2290.437012
2014-10-24,2303.080078,2314.875,2296.656982,2302.280029,132200.0,2302.280029
2014-10-23,2322.315918,2329.927002,2297.330078,2302.417969,162600.0,2302.417969
2014-10-22,2339.2229,2352.124023,2324.590088,2326.552979,152700.0,2326.552979
2014-10-21,2355.032959,2361.653076,2337.551025,2339.656982,168800.0,2339.656982
2014-10-20,2346.052002,2357.509033,2340.458984,2356.728027,160000.0,2356.728027
2014-10-17,2352.783936,2360.596924,2312.825928,2341.184082,212300.0,2341.184082
2014-10-16,2361.129883,2389.675049,2353.406006,2356.499023,248200.0,2356.499023
2014-10-15,2358.23291,2374.808105,2344.373047,2373.669922,202800.0,2373.669922
2014-10-14,2362.802002,2380.514893,2349.194092,2359.475098,196800.0,2359.475098
2014-10-13,2366.426025,2366.862061,2341.124023,2366.009033,200900.0,2366.009033
2014-10-10,2380.754883,2386.2771,2365.074951,2374.540039,224700.0,2374.540039
2014-10-09,2383.858887,2391.3479,2367.111084,2389.371094,235900.0,2389.371094
2014-10-08,2368.575928,2382.793945,2354.290039,2382.793945,204400.0,2382.793945
2014-09-30,2361.318115,2365.490967,2354.268066,2363.870117,193900.0,2363.870117
2014-09-29,2353.708008,2363.059082,2346.579102,2357.710938,200100.0,2357.710938
2014-09-26,2339.288086,2350.108887,2329.955078,2347.718018,174700.0,2347.718018
2014-09-25,2352.86499,2365.154053,2336.804932,2345.103027,225700.0,2345.103027
2014-09-24,2302.230957,2345.74707,2297.875977,2343.574951,222500.0,2343.574951
2014-09-23,2289.091064,2311.524902,2289.023926,2309.718018,156900.0,2309.718018
2014-09-22,2323.553955,2323.553955,2284.37793,2289.865967,175800.0,2289.865967
2014-09-19,2312.983887,2331.561035,2305.51709,2329.450928,174600.0,2329.450928
2014-09-18,2303.850098,2319.875,2297.930908,2315.927979,189100.0,2315.927979
2014-09-17,2298.981934,2309.048096,2282.794922,2307.893066,210800.0,2307.893066
2014-09-16,2341.0271,2347.935059,2293.868896,2296.554932,302700.0,2296.554932
2014-09-15,2330.187012,2340.448975,2321.593018,2339.139893,215100.0,2339.139893
2014-09-12,2308.345947,2331.949951,2302.774902,2331.949951,193500.0,2331.949951
2014-09-11,2315.731934,2343.594971,2304.602051,2311.678955,222200.0,2311.678955
2014-09-10,2318.496094,2321.907959,2306.420898,2318.304932,189800.0,2318.304932
2014-09-09,2328.426025,2331.916992,2315.894043,2326.5271,197000.0,2326.5271
2014-09-05,2311.304932,2327.556885,2307.447021,2326.431885,213200.0,2326.431885
2014-09-04,2290.029053,2307.700928,2283.2771,2306.862061,199500.0,2306.862061
2014-09-03,2268.39502,2290.547119,2268.100098,2288.626953,212500.0,2288.626953
2014-09-02,2239.684082,2267.509033,2234.37793,2266.045898,192100.0,2266.045898
2014-09-01,2220.128906,2236.285889,2217.685059,2235.510986,129200.0,2235.510986
2014-08-29,2198.946045,2218.696045,2193.262939,2217.199951,105200.0,2217.199951
2014-08-28,2210.483887,2219.4729,2194.861084,2195.818115,124200.0,2195.818115
2014-08-27,2207.030029,2216.669922,2204.048096,2209.465088,120900.0,2209.465088
2014-08-26,2225.291016,2232.784912,2200.61792,2207.105957,163500.0,2207.105957
2014-08-25,2241.100098,2241.552979,2222.009033,2229.273926,162100.0,2229.273926
2014-08-22,2228.974121,2243.302979,2225.26709,2240.812012,160100.0,2240.812012
2014-08-21,2239.568115,2240.076904,2211.629883,2230.458008,165700.0,2230.458008
2014-08-20,2241.664062,2248.938965,2233.89209,2240.210938,167700.0,2240.210938
2014-08-19,2242.340088,2246.016113,2227.925049,2245.330078,177700.0,2245.330078
2014-08-18,2229.803955,2242.034912,2228.134033,2239.466064,163900.0,2239.466064
2014-08-15,2207.226074,2230.87207,2203.241943,2226.733887,150000.0,2226.733887
2014-08-14,2221.541016,2230.894043,2204.384033,2206.466064,170100.0,2206.466064
2014-08-13,2223.051025,2230.990967,2202.443115,2222.876953,178100.0,2222.876953
2014-08-12,2222.696045,2222.979004,2210.0,2221.594971,154800.0,2221.594971
2014-08-11,2199.433105,2225.960938,2198.313965,2224.654053,150600.0,2224.654053
2014-08-08,2188.708984,2199.577881,2180.596924,2194.425049,135200.0,2194.425049
2014-08-07,2216.658936,2220.568115,2185.762939,2187.668945,175200.0,2187.668945
2014-08-06,2212.00293,2223.893066,2192.99292,2217.465088,177700.0,2217.465088
2014-08-05,2224.63208,2226.837891,2206.850098,2219.945068,175400.0,2219.945068
2014-08-04,2190.035889,2224.068115,2186.916992,2223.331055,174100.0,2223.331055
2014-08-01,2194.169922,2218.789062,2184.641113,2185.302979,191500.0,2185.302979
2014-07-31,2179.542969,2202.125977,2173.899902,2201.562012,164700.0,2201.562012
2014-07-30,2178.178955,2194.572021,2177.243896,2181.24292,184900.0,2181.24292
2014-07-29,2179.825928,2193.522949,2172.102051,2183.191895,200300.0,2183.191895
2014-07-28,2135.249023,2181.496094,2135.249023,2177.947998,236200.0,2177.947998
2014-07-25,2108.714111,2127.217041,2106.714111,2126.614014,142500.0,2126.614014
2014-07-24,2079.63208,2107.946045,2079.63208,2105.062012,165700.0,2105.062012
2014-07-23,2074.195068,2088.191895,2072.229004,2078.489014,137300.0,2078.489014
2014-07-22,2050.5,2078.084961,2049.814941,2075.480957,123200.0,2075.480957
2014-07-21,2057.76709,2061.822998,2049.175049,2054.479004,93900.0,2054.479004
2014-07-18,2047.498047,2067.23291,2045.995972,2059.066895,106600.0,2059.066895
2014-07-17,2062.886963,2062.886963,2046.188965,2055.591064,104500.0,2055.591064
2014-07-16,2068.343018,2075.49292,2061.572021,2067.275879,137100.0,2067.275879
2014-07-15,2065.899902,2070.35791,2059.678955,2070.356934,124500.0,2070.356934
2014-07-14,2047.744019,2067.342041,2044.901001,2066.645996,115100.0,2066.645996
2014-07-11,2033.869019,2051.737061,2033.004028,2046.96106,105100.0,2046.96106
2014-07-10,2036.540039,2045.526978,2034.956055,2038.342041,97900.0,2038.342041
2014-07-09,2061.63501,2062.474121,2037.600952,2038.612061,113300.0,2038.612061
2014-07-08,2058.134033,2064.433105,2047.203979,2064.020996,95100.0,2064.020996
2014-07-07,2058.12793,2064.042969,2050.886963,2059.927002,97200.0,2059.927002
2014-07-04,2062.35791,2065.077881,2054.217041,2059.375,105000.0,2059.375
2014-07-03,2051.63208,2066.641113,2048.081055,2063.229004,122900.0,2063.229004
2014-07-02,2049.485107,2060.594971,2044.035034,2059.417969,109600.0,2059.417969
2014-07-01,2051.225098,2052.63501,2041.937012,2050.381104,98500.0,2050.381104
2014-06-30,2038.613037,2052.342041,2038.526978,2048.326904,96700.0,2048.326904
2014-06-27,2031.906982,2043.982056,2025.072998,2036.51001,97600.0,2036.51001
2014-06-26,2025.661987,2040.754028,2025.313965,2038.677002,81000.0,2038.677002
2014-06-25,2030.432983,2030.615967,2018.359985,2025.501953,67500.0,2025.501953
2014-06-24,2023.698975,2034.707031,2021.75,2033.93103,71200.0,2033.93103
2014-06-23,2026.225952,2033.319946,2022.916992,2024.36499,70500.0,2024.36499
2014-06-20,2013.41394,2027.147949,2010.530029,2026.67395,67200.0,2026.67395
2014-06-19,2054.620117,2059.254883,2017.652954,2023.734985,92900.0,2023.734985
2014-06-18,2064.383057,2066.913086,2051.746094,2055.519043,87200.0,2055.519043
2014-06-17,2080.481934,2080.481934,2064.666016,2066.697998,87800.0,2066.697998
2014-06-16,2070.698975,2087.322021,2069.440918,2085.98291,95900.0,2085.98291
2014-06-13,2049.206055,2073.595947,2048.61792,2070.715088,97200.0,2070.715088
2014-06-12,2051.582031,2057.10498,2045.962036,2051.712891,81700.0,2051.712891
2014-06-11,2049.12793,2056.631104,2045.406982,2054.947998,74400.0,2054.947998
2014-06-10,2033.207031,2052.764893,2026.389038,2052.531982,79600.0,2052.531982
2014-06-09,2024.942017,2045.255005,2023.197998,2030.501953,64800.0,2030.501953
2014-06-06,2040.864014,2041.572998,2022.157959,2029.956055,66000.0,2029.956055
2014-06-05,2019.442017,2041.70105,2016.175049,2040.878052,68000.0,2040.878052
2014-06-04,2037.989014,2038.480957,2012.912964,2024.833984,72400.0,2024.833984
2014-06-03,2039.196045,2049.575928,2037.300049,2038.305054,71600.0,2038.305054
2014-05-30,2040.394043,2046.959961,2031.373047,2039.212036,75100.0,2039.212036
2014-05-29,2051.840088,2057.076904,2039.238037,2040.594971,81200.0,2040.594971
2014-05-28,2034.561035,2052.656006,2029.33606,2050.228027,81300.0,2050.228027
2014-05-27,2039.791016,2044.147949,2032.838989,2034.564941,67600.0,2034.564941
2014-05-26,2042.027954,2045.380981,2035.093994,2041.475952,70300.0,2041.475952
2014-05-23,2020.11499,2034.56897,2017.739014,2034.56897,63500.0,2034.56897
2014-05-22,2023.147949,2041.959961,2018.876953,2021.285034,74700.0,2021.285034
2014-05-21,2001.30603,2025.19397,1991.055054,2024.95105,61800.0,2024.95105
2014-05-20,2011.845947,2018.156006,2002.759033,2008.119019,61300.0,2008.119019
2014-05-19,2023.014038,2023.266968,1996.015015,2005.182983,65300.0,2005.182983
2014-05-16,2023.595947,2027.755981,2012.69397,2026.504028,66400.0,2026.504028
2014-05-15,2044.376953,2047.31604,2022.860962,2024.973999,75800.0,2024.973999
2014-05-14,2049.27002,2056.573975,2042.744019,2047.910034,72000.0,2047.910034
2014-05-13,2055.079102,2061.059082,2043.546997,2050.728027,97200.0,2050.728027
2014-05-12,2022.932007,2055.506104,2016.637939,2052.871094,115700.0,2052.871094
2014-05-09,2016.500977,2020.453979,2001.300049,2011.13501,76200.0,2011.13501
2014-05-08,2006.853027,2036.94104,2005.685059,2015.274048,77900.0,2015.274048
2014-05-07,2023.151978,2024.630981,2008.45105,2010.083008,74400.0,2010.083008
2014-05-06,2024.255981,2038.704956,2021.484985,2028.037964,74600.0,2028.037964
2014-05-05,2022.177979,2028.957031,2007.350952,2027.353027,79900.0,2027.353027
2014-04-30,2020.437988,2029.537964,2016.577026,2026.358032,74500.0,2026.358032
2014-04-29,2001.895996,2021.680054,1997.640015,2020.340942,76200.0,2020.340942
2014-04-28,2033.337036,2035.98999,2000.136963,2003.487061,89800.0,2003.487061
2014-04-25,2060.538086,2065.643066,2035.56604,2036.519043,93000.0,2036.519043
2014-04-24,2064.156006,2075.75708,2056.193115,2057.032959,78200.0,2057.032959
2014-04-23,2068.083984,2076.349121,2059.108887,2067.38208,78500.0,2067.38208
2014-04-22,2062.787109,2073.663086,2047.332031,2072.831055,98700.0,2072.831055
2014-04-21,2085.97998,2103.077881,2065.233887,2065.825928,96400.0,2065.825928
2014-04-18,2091.47998,2099.636963,2081.185059,2097.748047,88200.0,2097.748047
2014-04-17,2108.947021,2110.716064,2095.714111,2098.88501,89900.0,2098.88501
2014-04-16,2097.212891,2112.050049,2092.156982,2105.12207,89400.0,2105.12207
2014-04-15,2125.9021,2125.9021,2098.149902,2101.601074,107500.0,2101.601074
2014-04-14,2127.408936,2134.434082,2116.610107,2131.539062,102100.0,2131.539062
2014-04-11,2130.36792,2138.650879,2120.178955,2130.541992,131800.0,2130.541992
2014-04-10,2105.875977,2146.669922,2098.079102,2134.300049,156800.0,2134.300049
2014-04-09,2100.650879,2108.75,2095.639893,2105.237061,105300.0,2105.237061
2014-04-08,2054.530029,2102.451904,2052.899902,2098.283936,133400.0,2098.283936
2014-04-04,2037.552002,2060.104004,2035.220947,2058.831055,83200.0,2058.831055
2014-04-03,2063.49707,2066.00708,2037.447021,2043.702026,108600.0,2043.702026
2014-04-02,2049.423096,2060.778076,2046.741943,2058.988037,102700.0,2058.988037
2014-04-01,2031.005005,2050.680908,2028.095947,2047.459961,83300.0,2047.459961
2014-03-31,2043.045044,2048.134033,2024.185059,2033.30603,94400.0,2033.30603
2014-03-28,2046.850952,2060.134033,2035.243042,2041.712036,121700.0,2041.712036
2014-03-27,2060.812012,2073.980957,2042.713013,2046.588013,119100.0,2046.588013
2014-03-26,2070.573975,2074.572021,2057.647949,2063.669922,102600.0,2063.669922
2014-03-25,2063.322998,2079.551025,2057.490967,2067.311035,131800.0,2067.311035
2014-03-24,2050.826904,2074.055908,2043.329956,2066.279053,147700.0,2066.279053
2014-03-21,1987.678955,2052.471924,1986.071045,2047.619019,144500.0,2047.619019
2014-03-20,2017.219971,2030.847046,1993.001953,1993.479004,110300.0,1993.479004
2014-03-19,2019.97998,2022.18103,2002.44104,2021.734009,95200.0,2021.734009
2014-03-18,2026.223999,2034.916992,2020.410034,2025.196045,96800.0,2025.196045
2014-03-17,2009.881958,2024.371948,1999.249023,2023.672974,86300.0,2023.672974
2014-03-14,2008.824951,2017.912964,1990.97998,2004.338989,87800.0,2004.338989
2014-03-13,2000.694946,2029.119995,1996.529053,2019.110962,101000.0,2019.110962
2014-03-12,1996.239014,2011.060059,1974.381958,1997.692017,101400.0,1997.692017
2014-03-11,1994.415039,2008.071045,1985.598999,2001.156982,92700.0,2001.156982
2014-03-10,2042.352051,2042.634033,1995.54895,1999.064941,115700.0,1999.064941
2014-03-07,2058.375,2079.48999,2050.469971,2057.907959,103700.0,2057.907959
2014-03-06,2050.031982,2065.790039,2030.946045,2059.577881,109300.0,2059.577881
2014-03-05,2073.294922,2074.814941,2050.175049,2053.083984,107700.0,2053.083984
2014-03-04,2068.106934,2074.024902,2050.125,2071.4729,115900.0,2071.4729
2014-03-03,2052.074951,2078.333008,2047.067017,2075.235107,127500.0,2075.235107
2014-02-28,2040.624023,2058.489014,2020.935059,2056.302002,111600.0,2056.302002
2014-02-27,2045.095947,2068.313965,2036.390991,2047.354004,132200.0,2047.354004
2014-02-26,2026.609985,2041.626953,2014.380981,2041.254028,110100.0,2041.254028
2014-02-25,2077.284912,2087.615967,2026.542969,2034.218994,140100.0,2034.218994
2014-02-24,2099.717041,2099.717041,2058.791016,2076.686035,123600.0,2076.686035
2014-02-21,2131.592041,2132.702881,2098.327881,2113.693115,117700.0,2113.693115
2014-02-20,2152.891113,2177.978027,2136.480957,2138.781982,157100.0,2138.781982
2014-02-19,2116.918945,2152.960938,2111.167969,2142.553955,151300.0,2142.553955
2014-02-18,2134.143066,2134.143066,2113.12793,2119.065918,142900.0,2119.065918
2014-02-17,2124.879883,2136.447021,2117.688965,2135.415039,140200.0,2135.415039
2014-02-14,2097.320068,2116.186035,2095.090088,2115.8479,111500.0,2115.8479
2014-02-13,2106.934082,2122.825928,2096.966064,2098.400879,146500.0,2098.400879
2014-02-12,2103.827881,2110.904053,2096.509033,2109.955078,126300.0,2109.955078
2014-02-11,2086.177002,2111.061035,2082.520996,2103.670898,142200.0,2103.670898
2014-02-10,2049.983887,2087.975098,2049.983887,2086.066895,124300.0,2086.066895
2014-02-07,2022.322998,2044.72998,2014.697998,2044.496948,73600.0,2044.496948
2014-01-30,2045.93103,2045.93103,2031.465942,2033.083008,62600.0,2033.083008
2014-01-29,2042.176025,2051.583008,2039.770996,2049.914062,73900.0,2049.914062
2014-01-28,2036.401978,2047.129028,2026.987061,2038.512939,72500.0,2038.512939
2014-01-27,2044.271973,2044.845947,2029.625977,2033.300049,88800.0,2033.300049
2014-01-24,2037.666992,2060.986084,2034.453003,2054.39209,92900.0,2054.39209
2014-01-23,2048.331055,2052.528076,2039.052002,2042.180054,84200.0,2042.180054
2014-01-22,2009.968994,2052.339111,2008.930054,2051.749023,98900.0,2051.749023
2014-01-21,1992.015015,2014.151978,1992.015015,2008.312988,59800.0,2008.312988
2014-01-20,2001.894043,2005.937988,1984.823975,1991.253052,56300.0,1991.253052
2014-01-17,2017.521973,2017.868042,2001.329956,2004.948975,67300.0,2004.948975
2014-01-16,2022.537964,2034.707031,2014.406982,2023.70105,72800.0,2023.70105
2014-01-15,2024.228027,2027.409058,2010.203979,2023.348022,67400.0,2023.348022
2014-01-14,2007.156006,2027.427979,2001.13501,2026.842041,70400.0,2026.842041
2014-01-13,2014.978027,2027.18103,2000.404053,2009.563965,66500.0,2009.563965
2014-01-10,2023.535034,2029.296997,2008.006958,2013.297974,75600.0,2013.297974
2014-01-09,2041.772949,2057.196045,2026.446045,2027.621948,75900.0,2027.621948
2014-01-08,2047.255981,2062.951904,2037.109985,2044.339966,71600.0,2044.339966
2014-01-07,2034.223999,2052.279053,2029.245972,2047.317017,63400.0,2047.317017
2014-01-06,2078.684082,2078.684082,2034.005981,2045.708984,89600.0,2045.708984
2014-01-03,2101.541992,2102.166992,2075.898926,2083.13501,84500.0,2083.13501
2014-01-02,2112.125977,2113.110107,2101.016113,2109.386963,68500.0,2109.386963
2013-12-31,2090.678955,2120.273926,2087.415039,2115.978027,80500.0,2115.978027
2013-12-30,2108.883057,2112.009033,2095.062988,2097.529053,74100.0,2097.529053
2013-12-27,2074.592041,2110.356934,2069.590088,2101.250977,76800.0,2101.250977
2013-12-26,2102.659912,2102.659912,2070.545898,2073.099121,78500.0,2073.099121
2013-12-25,2095.019043,2107.231934,2088.297119,2106.354004,65200.0,2106.354004
2013-12-24,2094.072998,2111.804932,2079.810059,2092.905029,70300.0,2092.905029
2013-12-23,2089.539062,2099.521973,2068.542969,2089.707031,68100.0,2089.707031
2013-12-20,2128.374023,2131.737061,2082.85498,2084.793945,86800.0,2084.793945
2013-12-19,2153.674072,2159.14209,2126.246094,2127.791992,73100.0,2127.791992
2013-12-18,2150.412109,2156.593018,2142.624023,2148.284912,64200.0,2148.284912
2013-12-17,2161.535889,2165.542969,2146.313965,2151.079102,78600.0,2151.079102
2013-12-16,2197.233887,2201.696045,2159.987061,2160.861084,101400.0,2160.861084
2013-12-13,2188.259033,2204.636963,2183.842041,2196.074951,85100.0,2196.074951
2013-12-12,2199.316895,2214.548096,2194.900879,2202.795898,86100.0,2202.795898
2013-12-11,2228.633057,2228.633057,2193.159912,2204.166016,109400.0,2204.166016
2013-12-10,2239.864014,2250.503906,2231.679932,2237.491943,109000.0,2237.491943
2013-12-09,2241.792969,2249.168945,2231.733887,2238.199951,93300.0,2238.199951
2013-12-06,2242.562988,2248.146973,2228.63208,2237.10791,103700.0,2237.10791
2013-12-05,2252.7229,2255.260986,2239.144043,2247.062988,122000.0,2247.062988
2013-12-04,2219.965088,2260.871094,2215.916016,2251.761963,157300.0,2251.761963
2013-12-03,2196.823975,2227.925049,2193.250977,2222.669922,113500.0,2222.669922
2013-12-02,2203.12207,2231.920898,2172.633057,2207.371094,174300.0,2207.371094
2013-11-29,2221.61792,2224.944092,2212.262939,2220.503906,107000.0,2220.503906
2013-11-28,2204.37793,2234.386963,2202.623047,2219.37207,134500.0,2219.37207
2013-11-27,2181.725098,2207.616943,2176.846924,2201.070068,115400.0,2201.070068
2013-11-26,2184.332031,2192.579102,2176.177002,2183.072998,100500.0,2183.072998
2013-11-25,2186.058105,2209.147949,2181.417969,2186.11499,108300.0,2186.11499
2013-11-22,2206.469971,2211.065918,2188.76709,2196.37793,113800.0,2196.37793
2013-11-21,2197.008057,2206.531006,2177.735107,2205.766113,137200.0,2205.766113
2013-11-20,2201.474121,2207.10498,2186.64209,2206.613037,119000.0,2206.613037
2013-11-19,2198.318115,2203.295898,2186.114014,2193.125,125000.0,2193.125
2013-11-18,2147.373047,2198.315918,2143.768066,2197.218994,157500.0,2197.218994
2013-11-15,2100.899902,2153.212891,2100.785889,2135.826904,125900.0,2135.826904
2013-11-14,2087.118896,2102.379883,2078.988037,2100.506104,83800.0,2100.506104
2013-11-13,2117.885986,2117.912109,2086.006104,2087.940918,88300.0,2087.940918
2013-11-12,2110.724121,2127.937988,2108.395996,2126.771973,79400.0,2126.771973
2013-11-11,2103.299072,2117.280029,2093.625977,2109.470947,69700.0,2109.470947
2013-11-08,2120.923096,2128.581055,2103.51001,2106.126953,83100.0,2106.126953
2013-11-07,2136.626953,2141.600098,2119.186035,2129.399902,81800.0,2129.399902
2013-11-06,2149.389893,2166.170898,2138.780029,2139.606934,100500.0,2139.606934
2013-11-05,2139.836914,2158.147949,2124.844971,2157.23999,91900.0,2157.23999
2013-11-04,2156.086914,2160.577881,2143.207031,2149.634033,76100.0,2149.634033
2013-11-01,2139.879883,2157.312988,2132.628906,2149.562012,89100.0,2149.562012
2013-10-31,2155.510986,2155.510986,2137.466064,2141.614014,108100.0,2141.614014
2013-10-30,2126.689941,2161.935059,2121.841064,2160.462891,119600.0,2160.462891
2013-10-29,2135.226074,2163.656982,2093.197021,2128.864014,143100.0,2128.864014
2013-10-28,2135.878906,2140.957031,2123.069092,2133.868896,88400.0,2133.868896
2013-10-25,2163.688965,2170.612061,2122.677979,2132.955078,113900.0,2132.955078
2013-10-24,2178.820068,2183.412109,2159.871094,2164.322021,103000.0,2164.322021
2013-10-23,2213.273926,2226.846924,2177.725098,2183.106934,146300.0,2183.106934
2013-10-22,2227.341064,2227.341064,2204.243896,2210.6521,149100.0,2210.6521
2013-10-21,2198.114014,2230.284912,2190.394043,2229.237061,136700.0,2229.237061
2013-10-18,2188.714111,2203.291016,2184.360107,2193.780029,103700.0,2193.780029
2013-10-17,2201.709961,2211.030029,2183.246094,2188.541992,126800.0,2188.541992
2013-10-16,2228.113037,2228.113037,2183.403076,2193.073975,154600.0,2193.073975
2013-10-15,2237.930908,2240.25,2221.138916,2233.412109,153700.0,2233.412109
2013-10-14,2232.218018,2242.983887,2226.403076,2237.772949,166000.0,2237.772949
2013-10-11,2201.408936,2228.871094,2200.530029,2228.145996,156900.0,2228.145996
2013-10-10,2214.405029,2214.592041,2186.47998,2190.928955,149800.0,2190.928955
2013-10-09,2191.39209,2212.346924,2185.180908,2211.769043,130900.0,2211.769043
2013-10-08,2171.904053,2200.018066,2161.489014,2198.198975,126700.0,2198.198975
2013-09-30,2167.733887,2176.302979,2165.162109,2174.665039,92800.0,2174.665039
2013-09-27,2150.960938,2165.7771,2149.593994,2160.0271,105400.0,2160.0271
2013-09-26,2192.226074,2192.226074,2154.720947,2155.809082,140400.0,2155.809082
2013-09-25,2206.225098,2217.974121,2193.721924,2198.514893,160200.0,2198.514893
2013-09-24,2219.467041,2219.542969,2187.236084,2207.531006,160400.0,2207.531006
2013-09-23,2199.361084,2223.068115,2198.335938,2221.043945,133200.0,2221.043945
2013-09-18,2185.936035,2195.904053,2172.042969,2191.851074,115100.0,2191.851074
2013-09-17,2230.387939,2230.927979,2184.922119,2185.560059,154500.0,2185.560059
2013-09-16,2244.462891,2248.470947,2226.170898,2231.400879,154800.0,2231.400879
2013-09-13,2251.461914,2259.424072,2228.48291,2236.217041,172000.0,2236.217041
2013-09-12,2236.170898,2270.268066,2226.288086,2255.604004,209700.0,2255.604004
2013-09-11,2244.961914,2258.074951,2233.00293,2241.268066,244300.0,2241.268066
2013-09-10,2214.813965,2238.551025,2202.815918,2237.983887,237200.0,2237.983887
2013-09-09,2151.346924,2218.529053,2151.346924,2212.516113,219400.0,2212.516113
2013-09-06,2119.333008,2143.243896,2119.020996,2139.99292,143200.0,2139.99292
2013-09-05,2125.254883,2127.85498,2115.236084,2122.429932,126500.0,2122.429932
2013-09-04,2121.679932,2132.996094,2115.75293,2127.61792,142000.0,2127.61792
2013-09-03,2100.448975,2123.845947,2095.455078,2123.112061,138800.0,2123.112061
2013-09-02,2104.090088,2108.683105,2078.455078,2098.447998,149200.0,2098.447998
2013-08-30,2097.217041,2114.393066,2089.094971,2098.38208,170000.0,2098.38208
2013-08-29,2108.436035,2110.894043,2088.236084,2097.227051,133200.0,2097.227051
2013-08-28,2092.311035,2113.815918,2080.861084,2101.301025,161400.0,2101.301025
2013-08-27,2095.439941,2105.375,2090.425049,2103.565918,126400.0,2103.565918
2013-08-26,2061.416992,2097.343018,2056.133057,2096.474121,119900.0,2096.474121
2013-08-23,2075.928955,2079.845947,2029.36499,2057.458008,112400.0,2057.458008
2013-08-22,2069.312988,2083.333008,2062.366943,2067.124023,90900.0,2067.124023
2013-08-21,2076.270996,2076.316895,2056.913086,2072.960938,87400.0,2072.960938
2013-08-20,2081.965088,2098.97998,2066.072021,2072.594971,107400.0,2072.594971
2013-08-19,2055.12793,2091.13208,2052.702881,2085.602051,97400.0,2085.602051
2013-08-16,2075.98291,2198.8479,2061.654053,2068.451904,153100.0,2068.451904
2013-08-15,2099.279053,2108.405029,2079.968994,2081.879883,99400.0,2081.879883
2013-08-14,2109.225098,2122.965088,2093.042969,2100.136963,114400.0,2100.136963
2013-08-13,2101.323975,2106.395996,2093.795898,2106.156006,117700.0,2106.156006
2013-08-12,2058.416016,2102.346924,2055.715088,2101.282959,135100.0,2101.282959
2013-08-09,2052.243896,2061.708008,2030.126953,2052.235107,95300.0,2052.235107
2013-08-08,2044.436035,2058.561035,2037.250977,2044.89502,84100.0,2044.89502
2013-08-07,2056.366943,2069.561035,2043.75,2046.777954,107700.0,2046.777954
2013-08-06,2043.652954,2066.73999,2034.957031,2060.5,105600.0,2060.5
2013-08-05,2031.723999,2050.910889,2025.225952,2050.480957,85500.0,2050.480957
2013-08-02,2039.514038,2047.083984,2025.654053,2029.417969,93600.0,2029.417969
2013-08-01,2000.817993,2029.927979,1997.057983,2029.067017,91200.0,2029.067017
2013-07-31,2000.793945,2015.472046,1987.880005,1993.79895,70200.0,1993.79895
2013-07-30,1981.452026,2006.232056,1965.360962,1990.063965,77200.0,1990.063965
2013-07-29,1997.838013,1997.838013,1969.853027,1976.30603,78700.0,1976.30603
2013-07-26,2013.189941,2021.573975,2000.796997,2010.849976,73800.0,2010.849976
2013-07-25,2037.33606,2045.36499,2016.43103,2021.17395,98600.0,2021.17395
2013-07-24,2035.69104,2042.772949,2010.42395,2033.328979,106600.0,2033.328979
2013-07-23,2008.954956,2051.525879,2005.092041,2043.875977,109600.0,2043.875977
2013-07-22,1977.733032,2005.473999,1970.639038,2004.761963,83000.0,2004.761963
2013-07-19,2025.317017,2035.219971,1990.253052,1992.647949,104600.0,1992.647949
2013-07-18,2038.400024,2043.371948,2016.899048,2023.395996,92200.0,2023.395996
2013-07-17,2061.186035,2075.812988,2043.230957,2044.921997,103200.0,2044.921997
2013-07-16,2054.600098,2066.363037,2038.535034,2065.719971,96800.0,2065.719971
2013-07-15,2046.119019,2076.665039,2037.248047,2059.389893,101400.0,2059.389893
2013-07-12,2068.043945,2074.856934,2036.050049,2039.485962,121200.0,2039.485962
2013-07-11,2011.02002,2092.86792,2010.400024,2072.990967,160000.0,2072.990967
2013-07-10,1962.839966,2009.359985,1960.276978,2008.125977,89800.0,2008.125977
2013-07-09,1953.602051,1969.149048,1946.365967,1965.453979,64600.0,1965.453979
2013-07-08,1983.213989,1983.213989,1953.120972,1958.272949,84200.0,1958.272949
2013-07-05,2006.19104,2021.541016,2002.366943,2007.198975,91400.0,2007.198975
2013-07-04,1982.869995,2022.135986,1974.103027,2006.098022,100400.0,2006.098022
2013-07-03,1996.505981,1996.536987,1965.519043,1994.267944,93400.0,1994.267944
2013-07-02,1992.890015,2007.619995,1978.427979,2006.560059,86400.0,2006.560059
2013-07-01,1965.987061,1995.916016,1957.571045,1995.241943,78000.0,1995.241943
2013-06-28,1935.515991,1987.984009,1925.651001,1979.206055,100800.0,1979.206055
2013-06-27,1955.125977,1980.540039,1942.370972,1950.011963,105800.0,1950.011963
2013-06-26,1954.473999,1959.157959,1922.823975,1951.494995,101200.0,1951.494995
2013-06-25,1948.314941,1963.56604,1849.652954,1959.508057,138200.0,1959.508057
2013-06-24,2068.862061,2068.862061,1958.401001,1963.234985,109200.0,1963.234985
2013-06-21,2058.979004,2085.860107,2042.879028,2073.094971,79600.0,2073.094971
2013-06-20,2132.812988,2132.812988,2082.824951,2084.020996,77800.0,2084.020996
2013-06-19,2150.815918,2150.815918,2115.791992,2143.454102,75400.0,2143.454102
2013-06-18,2158.545898,2161.680908,2138.346924,2159.291016,69600.0,2159.291016
2013-06-17,2165.993896,2169.355957,2147.029053,2156.215088,75800.0,2156.215088
2013-06-14,2150.060059,2163.845947,2142.780029,2162.041016,77800.0,2162.041016
2013-06-13,2190.101074,2190.101074,2126.216064,2148.35498,94400.0,2148.35498
2013-06-07,2242.262939,2250.628906,2205.065918,2210.897949,90000.0,2210.897949
2013-06-06,2264.425049,2266.691895,2240.070068,2242.110107,81600.0,2242.110107
2013-06-05,2270.711914,2276.86499,2260.871094,2270.929932,76400.0,2270.929932
2013-06-04,2297.100098,2297.100098,2264.760986,2272.416992,101800.0,2272.416992
2013-06-03,2300.208984,2313.425049,2294.113037,2299.251953,96800.0,2299.251953
2013-05-31,2320.739014,2325.533936,2299.368896,2300.594971,108200.0,2300.594971
2013-05-30,2316.25293,2325.720947,2310.491943,2317.749023,112000.0,2317.749023
2013-05-29,2323.539062,2334.334961,2321.166016,2324.01709,125200.0,2324.01709
2013-05-28,2293.399902,2322.099121,2281.468018,2321.318115,132600.0,2321.318115
2013-05-27,2286.660889,2301.701904,2283.935059,2293.076904,107400.0,2293.076904
2013-05-24,2281.445068,2292.594971,2270.25,2288.531982,101400.0,2288.531982
2013-05-23,2293.809082,2304.952881,2274.102051,2275.666992,124000.0,2275.666992
2013-05-22,2303.75,2314.183105,2292.430908,2302.403076,128400.0,2302.403076
2013-05-21,2297.110107,2305.301025,2290.124023,2305.114014,124200.0,2305.114014
2013-05-20,2286.327881,2309.39209,2281.898926,2299.986084,139200.0,2299.986084
2013-05-17,2249.811035,2288.091064,2248.413086,2282.870117,126200.0,2282.870117
2013-05-16,2221.336914,2252.87207,2210.77002,2251.804932,110200.0,2251.804932
2013-05-15,2217.085938,2225.186035,2213.582031,2224.797119,71800.0,2224.797119
2013-05-14,2238.904053,2239.926025,2205.873047,2217.01001,83200.0,2217.01001
2013-05-13,2247.677979,2250.854004,2231.363037,2241.919922,86200.0,2241.919922
2013-05-10,2228.819092,2247.674072,2225.812012,2246.831055,90400.0,2246.831055
2013-05-09,2246.962891,2247.864014,2221.384033,2232.970947,98600.0,2232.970947
2013-05-08,2242.393066,2255.208008,2235.416992,2246.300049,90400.0,2246.300049
2013-05-07,2227.861084,2240.256104,2219.435059,2235.574951,86400.0,2235.574951
2013-05-06,2212.495117,2236.065918,2212.495117,2231.166016,92200.0,2231.166016
2013-05-03,2179.049072,2222.811035,2179.049072,2205.49707,88600.0,2205.49707
2013-05-02,2170.782959,2179.646973,2161.139893,2174.123047,68400.0,2174.123047
2013-04-26,2203.888916,2210.581055,2173.864014,2177.912109,76600.0,2177.912109
2013-04-25,2213.185059,2224.629883,2191.8479,2199.306885,96800.0,2199.306885
2013-04-24,2187.349121,2226.115967,2184.108887,2218.318115,91600.0,2218.318115
2013-04-23,2242.615967,2242.615967,2182.805908,2184.538086,96600.0,2184.538086
2013-04-22,2236.4021,2245.118896,2232.258057,2242.168945,95200.0,2242.168945
2013-04-19,2201.12207,2250.110107,2200.583008,2244.643066,109600.0,2244.643066
2013-04-18,2181.822021,2206.0271,2175.444092,2197.602051,71600.0,2197.602051
2013-04-17,2195.031982,2197.508057,2178.468994,2193.795898,68400.0,2193.795898
2013-04-16,2169.629883,2196.431885,2165.783936,2194.844971,80000.0,2194.844971
2013-04-15,2199.914062,2204.987061,2177.387939,2181.940918,71600.0,2181.940918
2013-04-12,2218.093994,2226.261963,2204.437988,2206.780029,66800.0,2206.780029
2013-04-11,2236.98291,2242.479004,2217.264893,2219.552979,73600.0,2219.552979
2013-04-10,2224.934082,2233.040039,2212.561035,2226.125977,80600.0,2226.125977
2013-04-09,2215.467041,2234.725098,2215.467041,2225.773926,82800.0,2225.773926
2013-04-08,2196.238037,2212.585938,2180.673096,2211.592041,86200.0,2211.592041
2013-04-03,2232.694092,2241.340088,2217.251953,2225.294922,81800.0,2225.294922
2013-04-02,2234.900879,2253.420898,2220.438965,2227.73999,89800.0,2227.73999
2013-04-01,2229.459961,2243.947998,2227.313965,2234.39502,77400.0,2234.39502
2013-03-29,2238.485107,2246.86792,2228.812988,2236.621094,85600.0,2236.621094
2013-03-28,2273.552002,2273.552002,2232.906006,2236.302002,127600.0,2236.302002
2013-03-27,2299.376953,2323.477051,2288.995117,2301.26001,96400.0,2301.26001
2013-03-26,2318.577881,2319.988037,2281.11792,2297.668945,104400.0,2297.668945
2013-03-25,2334.735107,2344.894043,2319.907959,2326.715088,97000.0,2326.715088
2013-03-22,2321.403076,2331.995117,2314.967041,2328.278076,101200.0,2328.278076
2013-03-21,2318.205078,2330.812988,2311.603027,2324.241943,119200.0,2324.241943
2013-03-20,2257.737061,2317.860107,2257.419922,2317.375,131200.0,2317.375
2013-03-19,2244.264893,2261.313965,2232.022949,2257.434082,87600.0,2257.434082
2013-03-18,2267.287109,2276.050049,2239.214111,2240.016113,93200.0,2240.016113
2013-03-15,2269.314941,2312.077881,2250.004883,2278.400879,116400.0,2278.400879
2013-03-14,2255.774902,2276.220947,2253.310059,2270.2771,80200.0,2270.2771
2013-03-13,2282.169922,2286.329102,2253.249023,2263.968018,91000.0,2263.968018
2013-03-12,2309.157959,2333.285889,2264.829102,2286.60498,117600.0,2286.60498
2013-03-11,2314.683105,2320.959961,2296.583008,2310.593018,84200.0,2310.593018
2013-03-08,2326.416992,2333.666992,2314.586914,2318.611084,98800.0,2318.611084
2013-03-07,2340.436035,2352.020996,2304.27002,2324.292969,139800.0,2324.292969
2013-03-06,2333.61499,2351.440918,2321.600098,2347.178955,141400.0,2347.178955
2013-03-05,2274.808105,2328.143066,2270.100098,2326.305908,131200.0,2326.305908
2013-03-04,2332.080078,2333.540039,2259.24707,2273.404053,161800.0,2273.404053
2013-03-01,2364.543945,2369.648926,2330.85791,2359.506104,120400.0,2359.506104
2013-02-28,2322.322998,2366.164062,2308.916016,2365.593018,127000.0,2365.593018
2013-02-27,2297.76709,2324.626953,2292.033936,2313.219971,97800.0,2313.219971
2013-02-26,2313.73999,2340.708008,2289.885986,2293.341064,117600.0,2293.341064
2013-02-25,2320.61792,2338.780029,2315.011963,2325.819092,88400.0,2325.819092
2013-02-22,2322.939941,2330.878906,2308.76001,2314.164062,97000.0,2314.164062
2013-02-21,2378.822021,2378.822021,2309.170898,2325.950928,144000.0,2325.950928
2013-02-20,2383.49292,2397.940918,2370.60791,2397.177979,110200.0,2397.177979
2013-02-19,2420.264893,2427.074951,2373.534912,2382.914062,123400.0,2382.914062
2013-02-18,2441.906006,2444.803955,2415.428955,2421.558105,116200.0,2421.558105
2013-02-08,2416.618896,2443.031982,2414.396973,2432.4021,109000.0,2432.4021
2013-02-07,2430.687988,2433.893066,2394.218018,2418.530029,120000.0,2418.530029
2013-02-06,2432.677002,2441.726074,2427.698975,2434.477051,116600.0,2434.477051
2013-02-05,2411.000977,2437.415039,2403.302002,2433.129883,150800.0,2433.129883
2013-02-04,2425.920898,2440.375977,2417.584961,2428.154053,167600.0,2428.154053
2013-02-01,2377.414062,2421.154053,2369.570068,2419.02002,140800.0,2419.02002
2013-01-31,2383.426025,2391.821045,2371.226074,2385.422119,139800.0,2385.422119
2013-01-30,2360.748047,2383.762939,2347.889893,2382.475098,149800.0,2382.475098
2013-01-29,2347.215088,2363.797119,2337.353027,2358.977051,141800.0,2358.977051
2013-01-28,2295.352051,2346.920898,2295.352051,2346.504883,128400.0,2346.504883
2013-01-25,2300.000977,2308.379883,2288.261963,2291.303955,92600.0,2291.303955
2013-01-24,2320.258057,2362.943115,2287.295898,2302.5979,161000.0,2302.5979
2013-01-23,2308.520996,2325.11792,2296.490967,2320.910889,118200.0,2320.910889
2013-01-22,2326.48999,2335.805908,2301.301025,2315.138916,149400.0,2315.138916
2013-01-21,2321.48999,2329.581055,2305.099121,2328.220947,134600.0,2328.220947
2013-01-18,2295.809082,2324.509033,2285.971924,2317.070068,125400.0,2317.070068
2013-01-17,2305.139893,2305.602051,2275.876953,2284.908936,119200.0,2284.908936
2013-01-16,2322.157959,2326.763916,2279.50708,2309.499023,153600.0,2309.499023
2013-01-15,2312.468018,2332.782959,2309.322998,2325.681885,165600.0,2325.681885
2013-01-14,2236.288086,2317.616943,2235.106934,2311.73999,144800.0,2311.73999
2013-01-11,2285.185059,2290.205078,2234.947021,2242.99707,125000.0,2242.99707
2013-01-10,2274.376953,2295.483887,2268.647949,2283.656982,120000.0,2283.656982
2013-01-09,2271.299072,2283.895996,2259.051025,2275.340088,122000.0,2275.340088
2013-01-08,2284.654053,2289.138916,2262.979004,2276.070068,123000.0,2276.070068
2013-01-07,2271.663086,2293.316895,2266.862061,2285.364014,118200.0,2285.364014
2013-01-04,2289.51001,2296.113037,2256.560059,2276.991943,139400.0,2276.991943
2012-12-31,2236.460938,2269.511963,2236.460938,2269.12793,128000.0,2269.12793
2012-12-28,2207.913086,2234.868896,2204.00293,2233.251953,116000.0,2233.251953
2012-12-27,2223.655029,2234.724121,2204.790039,2205.896973,129000.0,2205.896973
2012-12-26,2211.593994,2220.475098,2206.787109,2219.13208,121800.0,2219.13208
2012-12-25,2154.320068,2220.262939,2146.862061,2213.611084,143400.0,2213.611084
2012-12-24,2150.654053,2170.394043,2149.823975,2159.052979,78400.0,2159.052979
2012-12-21,2169.570068,2190.397949,2148.169922,2153.310059,103400.0,2153.310059
2012-12-20,2156.193115,2174.819092,2142.950928,2168.353027,99400.0,2168.353027
2012-12-19,2158.669922,2175.39502,2154.287109,2162.239014,94400.0,2162.239014
2012-12-18,2155.85791,2183.712891,2144.73291,2162.464111,126000.0,2162.464111
2012-12-17,2152.096924,2169.570068,2151.936035,2160.342041,144200.0,2160.342041
2012-12-14,2062.688965,2152.496094,2062.541992,2150.625,160800.0,2150.625
2012-12-13,2077.416992,2081.363037,2059.471924,2061.476074,72200.0,2061.476074
2012-12-12,2073.270996,2085.934082,2066.391113,2082.726074,78600.0,2082.726074
2012-12-11,2077.556885,2088.63501,2070.191895,2074.704102,93400.0,2074.704102
2012-12-10,2067.323975,2087.00708,2064.61499,2083.77002,115400.0,2083.77002
2012-12-07,2028.765991,2065.743896,2023.96106,2061.785889,115200.0,2061.785889
2012-12-06,2029.562012,2036.609009,2018.379028,2029.237061,81400.0,2029.237061
2012-12-05,1973.107056,2040.604004,1970.202026,2031.906982,120000.0,2031.906982
2012-12-04,1956.615967,1980.119019,1949.457031,1975.142944,62400.0,1975.142944
2012-12-03,1977.254028,1988.19104,1957.884033,1959.766968,61600.0,1959.766968
2012-11-30,1961.814941,1983.418945,1959.333984,1980.116943,56800.0,1980.116943
2012-11-29,1972.925049,1980.55603,1961.822021,1963.488037,49600.0,1963.488037
2012-11-28,1984.47998,1984.863037,1968.213013,1973.522949,50600.0,1973.522949
2012-11-27,2012.074951,2014.209961,1990.33606,1991.165039,56600.0,1991.165039
2012-11-26,2023.338989,2027.274048,2014.029053,2017.463989,44800.0,2017.463989
2012-11-23,2020.015015,2034.884033,2017.004028,2027.384033,51600.0,2027.384033
2012-11-22,2021.208984,2023.084961,2009.719971,2015.610962,45600.0,2015.610962
2012-11-21,2008.21106,2031.149048,1995.17395,2030.31897,53200.0,2030.31897
2012-11-20,2020.432983,2023.610962,2004.170044,2008.922974,42600.0,2008.922974
2012-11-19,2013.245972,2018.380005,1995.720947,2016.982056,45400.0,2016.982056
2012-11-16,2026.562988,2028.686035,2001.714966,2014.724976,49600.0,2014.724976
2012-11-15,2045.456055,2053.560059,2029.874023,2030.290039,50600.0,2030.290039
2012-11-14,2047.256958,2056.488037,2040.171997,2055.418945,48000.0,2055.418945
2012-11-13,2078.133057,2078.133057,2044.036011,2047.889038,61000.0,2047.889038
2012-11-12,2069.214111,2079.571045,2061.840088,2079.272949,56600.0,2079.272949
2012-11-09,2066.495117,2077.228027,2062.416992,2069.066895,54200.0,2069.066895
2012-11-08,2091.253906,2092.564941,2070.648926,2071.509033,66600.0,2071.509033
2012-11-07,2102.418945,2112.631104,2093.289062,2105.72998,59400.0,2105.72998
2012-11-06,2113.657959,2114.791016,2078.471924,2105.999023,71400.0,2105.999023
2012-11-05,2113.327881,2123.326904,2104.583008,2114.0271,71600.0,2114.0271
2012-11-02,2105.448975,2119.224121,2096.531006,2117.045898,76600.0,2117.045898
2012-11-01,2070.02002,2109.496094,2069.947998,2104.427002,82800.0,2104.427002
2012-10-31,2061.124023,2070.479004,2053.583008,2068.879883,59600.0,2068.879883
2012-10-30,2059.201904,2075.905029,2054.263916,2062.346924,60600.0,2062.346924
2012-10-29,2061.846924,2068.237061,2053.092041,2058.943115,53600.0,2058.943115
2012-10-26,2100.100098,2102.162109,2058.062988,2066.208984,78600.0,2066.208984
2012-10-25,2114.763916,2128.73999,2100.608887,2101.580078,85400.0,2101.580078
2012-10-24,2106.830078,2123.998047,2104.669922,2115.98999,72800.0,2115.98999
2012-10-23,2132.10791,2136.218018,2111.923096,2114.447021,72600.0,2114.447021
2012-10-22,2118.520996,2138.0271,2112.751953,2132.758057,60200.0,2132.758057
2012-10-19,2129.820068,2136.868896,2125.736084,2128.302002,67600.0,2128.302002
2012-10-18,2108.498047,2137.686035,2107.491943,2131.687988,87200.0,2131.687988
2012-10-17,2104.280029,2113.162109,2088.043945,2105.61792,59800.0,2105.61792
2012-10-16,2097.050049,2111.780029,2089.695068,2098.808105,57800.0,2098.808105
2012-10-15,2105.023926,2107.198975,2085.11499,2098.702881,54000.0,2098.702881
2012-10-12,2109.070068,2127.306885,2092.510986,2104.931885,68200.0,2104.931885
2012-10-11,2114.231934,2117.839111,2101.139893,2102.86792,74400.0,2102.86792
2012-10-10,2111.586914,2121.991943,2102.534912,2119.941895,79000.0,2119.941895
2012-10-09,2081.587891,2119.335938,2081.587891,2115.229004,84600.0,2115.229004
2012-10-08,2084.849121,2096.259033,2063.089111,2074.418945,55200.0,2074.418945
2012-09-28,2042.885986,2089.633057,2040.349976,2086.168945,79400.0,2086.168945
2012-09-27,2003.098999,2068.071045,2002.323975,2056.322998,76600.0,2056.322998
2012-09-26,2027.85498,2033.036011,1999.484009,2004.171997,50400.0,2004.171997
2012-09-25,2028.631958,2039.095947,2021.80896,2029.292969,48200.0,2029.292969
2012-09-24,2015.766968,2040.849976,2005.262939,2033.192017,57600.0,2033.192017
2012-09-21,2020.553955,2041.947998,2018.262939,2026.689941,60200.0,2026.689941
2012-09-20,2060.305908,2060.305908,2023.084961,2024.837036,67400.0,2024.837036
2012-09-19,2061.061035,2069.949951,2055.197998,2067.831055,52200.0,2067.831055
2012-09-18,2069.343018,2074.761963,2053.662109,2059.542969,53800.0,2059.542969
2012-09-17,2120.616943,2121.583008,2077.483887,2078.5,76400.0,2078.5
2012-09-14,2127.388916,2136.226074,2111.120117,2123.846924,91200.0,2123.846924
2012-09-13,2123.840088,2130.079102,2109.996094,2110.378906,79000.0,2110.378906
2012-09-12,2129.687012,2137.889893,2109.136963,2126.553955,84200.0,2126.553955
2012-09-11,2127.519043,2127.519043,2107.218994,2120.553955,80400.0,2120.553955
2012-09-10,2128.064941,2140.167969,2120.486084,2134.893066,103600.0,2134.893066
2012-09-07,2062.98999,2145.00293,2062.98999,2127.761963,140000.0,2127.761963
2012-09-06,2040.667969,2052.949951,2036.365967,2051.917969,56000.0,2051.917969
2012-09-05,2038.873047,2048.319092,2029.052979,2037.68103,57600.0,2037.68103
2012-09-04,2060.613037,2063.816895,2039.265991,2043.649048,57400.0,2043.649048
2012-09-03,2044.823975,2066.780029,2041.161011,2059.146973,60600.0,2059.146973
2012-08-31,2046.28894,2059.302002,2044.650024,2047.521973,46200.0,2047.521973
2012-08-30,2044.032959,2060.185059,2032.536987,2052.584961,62000.0,2052.584961
2012-08-29,2066.820068,2073.948975,2051.773926,2053.235107,52200.0,2053.235107
2012-08-28,2054.967041,2083.956055,2052.491943,2073.154053,54400.0,2073.154053
2012-08-27,2085.373047,2085.373047,2055.375977,2055.708008,60400.0,2055.708008
2012-08-24,2108.360107,2109.822021,2089.217041,2092.104004,60200.0,2092.104004
2012-08-23,2106.959961,2118.736084,2097.083008,2113.072021,58400.0,2113.072021
2012-08-22,2118.881104,2121.148926,2097.60498,2107.710938,58400.0,2107.710938
2012-08-21,2106.381104,2124.195068,2103.071045,2118.268066,60800.0,2118.268066
2012-08-20,2102.230957,2110.780029,2089.018066,2106.957031,46800.0,2106.957031
2012-08-17,2111.653076,2120.714111,2100.787109,2114.891113,44400.0,2114.891113
2012-08-16,2116.080078,2122.683105,2109.657959,2112.197021,45200.0,2112.197021
2012-08-15,2138.278076,2139.14209,2118.50293,2118.945068,54600.0,2118.945068
2012-08-14,2137.047119,2144.006104,2119.25293,2142.523926,67600.0,2142.523926
2012-08-13,2164.042969,2164.042969,2134.553955,2136.077881,71400.0,2136.077881
2012-08-10,2172.964111,2176.794922,2165.283936,2168.813965,68400.0,2168.813965
2012-08-09,2159.434082,2175.544922,2148.694092,2174.102051,72600.0,2174.102051
2012-08-08,2158.981934,2168.733887,2153.02002,2160.98999,72800.0,2160.98999
2012-08-07,2153.093018,2159.683105,2148.896973,2157.620117,75000.0,2157.620117
2012-08-06,2129.147949,2158.680908,2127.262939,2154.916016,71800.0,2154.916016
2012-08-03,2113.964111,2133.266113,2108.330078,2132.795898,53400.0,2132.795898
2012-08-02,2120.145996,2126.459961,2103.495117,2111.181885,53400.0,2111.181885
2012-08-01,2101.7229,2130.711914,2101.708008,2123.360107,53800.0,2123.360107
2012-07-31,2109.324951,2116.904053,2100.251953,2103.63501,53400.0,2103.63501
2012-07-30,2128.158936,2137.736084,2107.634033,2109.914062,52000.0,2109.914062
2012-07-27,2132.009033,2139.154053,2120.629883,2128.764893,52000.0,2128.764893
2012-07-26,2134.987061,2147.664062,2124.155029,2126.003906,52800.0,2126.003906
2012-07-25,2141.035889,2151.449951,2132.833008,2136.150879,48600.0,2136.150879
2012-07-24,2132.316895,2158.947998,2131.012939,2146.587891,54400.0,2146.587891
2012-07-23,2154.170898,2154.170898,2135.562988,2141.4021,55600.0,2141.4021
2012-07-20,2180.011963,2185.73291,2162.062988,2168.637939,64400.0,2168.637939
2012-07-19,2164.273926,2197.790039,2159.943115,2184.841064,79400.0,2184.841064
2012-07-18,2159.856934,2170.295898,2138.791992,2169.099121,66600.0,2169.099121
2012-07-17,2142.429932,2165.334961,2141.480957,2161.186035,55200.0,2161.186035
2012-07-16,2187.886963,2188.062988,2146.154053,2147.955078,67400.0,2147.955078
2012-07-13,2180.172119,2198.660889,2177.924072,2185.89502,57600.0,2185.89502
2012-07-12,2172.063965,2197.043945,2152.675049,2185.490967,82200.0,2185.490967
2012-07-11,2160.02002,2176.490967,2156.595947,2175.383057,58600.0,2175.383057
2012-07-10,2166.947021,2178.195068,2156.726074,2164.437988,59000.0,2164.437988
2012-07-09,2210.714111,2216.697021,2168.60791,2170.813965,75200.0,2170.813965
2012-07-06,2203.72998,2227.4729,2185.521973,2223.579102,76600.0,2223.579102
2012-07-05,2218.216064,2218.216064,2192.647949,2201.353027,58000.0,2201.353027
2012-07-04,2233.334961,2239.27002,2219.447998,2227.314941,55200.0,2227.314941
2012-07-03,2225.566895,2244.832031,2219.050049,2229.191895,62800.0,2229.191895
2012-07-02,2234.320068,2234.873047,2215.35791,2226.110107,62200.0,2226.110107
2012-06-29,2190.574951,2226.485107,2188.716064,2225.429932,61400.0,2225.429932
2012-06-28,2220.236084,2224.155029,2195.35498,2195.843018,54200.0,2195.843018
2012-06-27,2219.944092,2233.542969,2213.322998,2216.934082,51000.0,2216.934082
2012-06-26,2214.648926,2229.23999,2203.944092,2222.066895,53000.0,2222.066895
2012-06-25,2253.513916,2253.513916,2223.053955,2224.114014,59800.0,2224.114014
2012-06-21,2288.454102,2288.454102,2253.789062,2260.876953,59000.0,2260.876953
2012-06-20,2300.406006,2304.458008,2291.541016,2292.876953,54200.0,2292.876953
2012-06-19,2313.455078,2313.455078,2298.394043,2300.794922,60200.0,2300.794922
2012-06-18,2313.530029,2325.052002,2309.708984,2316.052002,60600.0,2316.052002
2012-06-15,2299.781006,2314.241943,2283.399902,2306.850098,68600.0,2306.850098
2012-06-14,2306.781006,2314.584961,2293.063965,2295.946045,71600.0,2295.946045
2012-06-13,2289.707031,2319.714111,2284.649902,2318.924072,78400.0,2318.924072
2012-06-12,2295.070068,2298.948975,2280.950928,2289.791016,60000.0,2289.791016
2012-06-11,2282.891113,2311.771973,2278.163086,2305.855957,64200.0,2305.855957
2012-06-08,2306.218994,2306.88208,2276.714111,2281.447021,68000.0,2281.447021
2012-06-07,2324.672119,2328.672119,2288.665039,2293.129883,60200.0,2293.129883
2012-06-06,2315.561035,2323.113037,2301.034912,2309.554932,58600.0,2309.554932
2012-06-05,2313.73999,2323.298096,2304.045898,2311.916016,66000.0,2311.916016
2012-06-04,2346.983887,2348.198975,2308.229004,2308.550049,90200.0,2308.550049
2012-06-01,2373.224121,2388.085938,2365.441895,2373.436035,77000.0,2373.436035
2012-05-31,2370.00708,2382.989014,2362.312988,2372.233887,77800.0,2372.233887
2012-05-30,2385.39209,2391.690918,2378.133057,2384.667969,89800.0,2384.667969
2012-05-29,2361.00293,2393.279053,2358.374023,2389.635986,117200.0,2389.635986
2012-05-28,2325.316895,2361.743896,2309.072021,2361.366943,95000.0,2361.366943
2012-05-25,2350.541016,2355.808105,2327.407959,2333.552979,74000.0,2333.552979
2012-05-24,2359.681885,2373.056885,2344.580078,2350.9729,79200.0,2350.9729
2012-05-23,2369.264893,2378.076904,2350.548096,2363.437012,84200.0,2363.437012
2012-05-22,2355.731934,2374.055908,2354.86792,2373.305908,76800.0,2373.305908
2012-05-21,2343.574951,2360.385986,2330.324951,2348.300049,74800.0,2348.300049
2012-05-18,2364.898926,2369.5979,2338.240967,2344.520996,89600.0,2344.520996
2012-05-17,2347.177002,2383.305908,2342.352051,2378.885986,86800.0,2378.885986
2012-05-16,2369.293945,2372.031982,2344.5,2346.191895,76800.0,2346.191895
2012-05-15,2367.083008,2376.593994,2354.614014,2374.843018,78000.0,2374.843018
2012-05-14,2408.261963,2411.270996,2377.98291,2380.725098,90600.0,2380.725098
2012-05-11,2406.073975,2415.977051,2393.37793,2394.981934,74800.0,2394.981934
2012-05-10,2409.945068,2419.121094,2402.204102,2410.229004,81600.0,2410.229004
2012-05-09,2432.471924,2432.471924,2407.509033,2408.585938,98000.0,2408.585938
2012-05-08,2451.574951,2451.5979,2431.024902,2448.884033,104800.0,2448.884033
2012-05-07,2441.75708,2451.947021,2432.736084,2451.947021,108800.0,2451.947021
2012-05-04,2437.465088,2453.730957,2427.968994,2452.013916,102200.0,2452.013916
2012-05-03,2433.589111,2441.952881,2427.728027,2440.080078,102200.0,2440.080078
2012-05-02,2421.082031,2446.350098,2407.788086,2438.436035,128000.0,2438.436035
2012-04-27,2402.430908,2408.419922,2393.866943,2396.315918,91200.0,2396.315918
2012-04-26,2408.558105,2414.75293,2393.264893,2404.697021,115600.0,2404.697021
2012-04-25,2382.210938,2411.420898,2376.625,2406.812988,131000.0,2406.812988
2012-04-24,2380.236084,2415.75,2350.398926,2388.833984,133800.0,2388.833984
2012-04-23,2403.520996,2411.51001,2383.068115,2388.587891,123000.0,2388.587891
2012-04-20,2374.662109,2407.293945,2372.129883,2406.863037,115600.0,2406.863037
2012-04-19,2378.63208,2386.978027,2369.458008,2378.634033,94200.0,2378.634033
2012-04-18,2341.13501,2383.639893,2337.855957,2380.8479,108600.0,2380.8479
2012-04-17,2355.368896,2363.012939,2333.341064,2334.985107,84600.0,2334.985107
2012-04-16,2346.306885,2364.111084,2342.198975,2357.025879,85400.0,2357.025879
2012-04-13,2351.512939,2369.700928,2346.944092,2359.160889,98800.0,2359.160889
2012-04-12,2310.483887,2351.054932,2307.841064,2350.864014,97600.0,2350.864014
2012-04-11,2286.716064,2319.052979,2280.034912,2308.925049,75200.0,2308.925049
2012-04-10,2281.023926,2306.386963,2258.853027,2305.863037,67400.0,2305.863037
2012-04-09,2300.051025,2304.649902,2284.441895,2285.7771,59800.0,2285.7771
2012-04-06,2299.053955,2309.638916,2291.559082,2306.552002,72200.0,2306.552002
2012-04-05,2258.031006,2303.823975,2251.393066,2302.240967,80200.0,2302.240967
2012-03-30,2256.041992,2266.208008,2246.245117,2262.788086,62000.0,2262.788086
2012-03-29,2276.73999,2280.958008,2242.344971,2252.159912,74200.0,2252.159912
2012-03-28,2341.00293,2341.419922,2281.433105,2284.881104,83600.0,2284.881104
2012-03-27,2358.544922,2363.766113,2344.303955,2347.178955,60800.0,2347.178955
2012-03-26,2349.085938,2357.996094,2339.139893,2350.599121,55400.0,2350.599121
2012-03-23,2369.076904,2371.261963,2342.118896,2349.539062,76800.0,2349.539062
2012-03-22,2376.990967,2386.0979,2364.128906,2375.771973,79400.0,2375.771973
2012-03-21,2384.708984,2396.721924,2361.221924,2378.195068,95600.0,2378.195068
2012-03-20,2407.541992,2407.541992,2376.031006,2376.839111,98000.0,2376.839111
2012-03-19,2401.217041,2412.335938,2383.674072,2410.184082,102200.0,2410.184082
2012-03-16,2377.75708,2406.147949,2368.311035,2404.736084,103600.0,2404.736084
2012-03-15,2388.062988,2403.741943,2366.023926,2373.773926,120000.0,2373.773926
2012-03-14,2464.915039,2476.216064,2382.835938,2391.22998,179800.0,2391.22998
2012-03-13,2432.843018,2457.219971,2428.608887,2455.793945,104600.0,2455.793945
2012-03-12,2438.545898,2440.856934,2420.840088,2434.85791,106200.0,2434.85791
2012-03-09,2425.88501,2440.510986,2414.966064,2439.461914,100600.0,2439.461914
2012-03-08,2401.102051,2426.697998,2401.102051,2420.275879,96800.0,2420.275879
2012-03-07,2391.201904,2413.695068,2388.519043,2394.793945,94800.0,2394.793945
2012-03-06,2439.779053,2442.000977,2406.055908,2410.445068,103800.0,2410.445068
2012-03-05,2464.849121,2469.841064,2442.11499,2445.001953,112600.0,2445.001953
2012-03-02,2430.096924,2461.121094,2430.096924,2460.693115,103200.0,2460.693115
2012-03-01,2418.788086,2437.874023,2418.333984,2426.11499,75000.0,2426.11499
2012-02-29,2446.228027,2453.065918,2426.329102,2428.487061,95600.0,2428.487061
2012-02-28,2440.914062,2458.650879,2431.827881,2451.856934,118400.0,2451.856934
2012-02-27,2447.406006,2478.375,2444.628906,2447.056885,158000.0,2447.056885
2012-02-24,2410.881104,2439.977051,2405.273926,2439.626953,135000.0,2439.626953
2012-02-23,2401.738037,2416.803955,2396.709961,2409.553955,112600.0,2409.553955
2012-02-22,2380.50293,2404.441895,2374.030029,2403.586914,118600.0,2403.586914
2012-02-21,2365.487061,2382.145996,2345.052979,2381.429932,79400.0,2381.429932
2012-02-20,2383.686035,2388.009033,2362.011963,2363.596924,89000.0,2363.596924
2012-02-17,2366.629883,2372.511963,2344.76001,2357.180908,72000.0,2357.180908
2012-02-16,2363.896973,2373.803955,2342.072998,2356.860107,95000.0,2356.860107
2012-02-15,2340.455078,2374.281982,2335.101074,2366.701904,98800.0,2366.701904
2012-02-14,2348.876953,2352.468994,2332.24707,2344.770996,73200.0,2344.770996
2012-02-13,2332.054932,2365.339111,2325.028076,2351.854004,86200.0,2351.854004
2012-02-10,2342.010986,2368.979004,2339.88501,2351.980957,96600.0,2351.980957
2012-02-09,2344.224121,2363.613037,2333.935059,2349.589111,98000.0,2349.589111
2012-02-08,2291.812012,2350.965088,2286.819092,2347.530029,87200.0,2347.530029
2012-02-07,2319.420898,2319.708008,2278.824951,2291.9021,67400.0,2291.9021
2012-02-06,2334.248047,2341.574951,2317.422119,2331.135986,75800.0,2331.135986
2012-02-03,2306.656006,2336.26709,2300.981934,2330.405029,79000.0,2330.405029
2012-02-02,2273.850098,2312.555908,2268.687012,2312.555908,63400.0,2312.555908
2012-02-01,2288.065918,2305.863037,2263.342041,2268.080078,53600.0,2268.080078
2012-01-31,2285.954102,2296.38501,2277.055908,2292.610107,48800.0,2292.610107
2012-01-30,2324.49292,2324.49292,2284.291016,2285.038086,58400.0,2285.038086
2012-01-20,2300.5,2322.891113,2293.893066,2319.11792,70000.0,2319.11792
2012-01-19,2266.075928,2305.707031,2259.336914,2296.074951,72400.0,2296.074951
2012-01-18,2298.833008,2311.579102,2257.897949,2266.384033,90000.0,2266.384033
2012-01-17,2206.531006,2298.375,2196.115967,2298.375,87800.0,2298.375
2012-01-16,2230.433105,2241.259033,2206.044922,2206.193115,45800.0,2206.193115
2012-01-13,2277.080078,2281.531982,2225.736084,2244.580078,71400.0,2244.580078
2012-01-12,2268.739014,2295.224121,2265.256104,2275.01001,71600.0,2275.01001
2012-01-11,2282.913086,2290.644043,2265.185059,2276.045898,84400.0,2276.045898
2012-01-10,2221.832031,2288.62793,2218.274902,2285.743896,109600.0,2285.743896
2012-01-09,2164.740967,2226.218018,2148.452881,2225.889893,76800.0,2225.889893
2012-01-06,2148.146973,2164.322021,2132.625977,2163.39502,50600.0,2163.39502
2012-01-05,2160.896973,2183.404053,2145.555908,2148.451904,58800.0,2148.451904
2012-01-04,2211.995117,2217.52002,2168.644043,2169.389893,49200.0,2169.389893
2011-12-30,2177.51709,2200.988037,2177.51709,2199.416992,52000.0,2199.416992
2011-12-29,2161.184082,2181.955078,2157.11499,2173.561035,44800.0,2173.561035
2011-12-28,2157.649902,2170.672119,2134.01709,2170.012939,49600.0,2170.012939
2011-12-27,2186.708984,2196.971924,2162.7229,2166.205078,45800.0,2166.205078
2011-12-26,2193.658936,2213.452881,2186.070068,2190.110107,43600.0,2190.110107
2011-12-23,2183.910889,2219.785889,2178.141113,2204.783936,52400.0,2204.783936
2011-12-22,2178.572021,2201.586914,2149.423096,2186.295898,59000.0,2186.295898
2011-12-21,2230.179932,2237.466064,2188.709961,2191.147949,50800.0,2191.147949
2011-12-20,2209.698975,2239.858887,2206.519043,2215.929932,52800.0,2215.929932
2011-12-19,2208.071045,2221.447998,2164.886963,2218.235107,57800.0,2218.235107
2011-12-16,2179.509033,2225.538086,2170.748047,2224.840088,57200.0,2224.840088
2011-12-15,2215.791992,2216.908936,2179.467041,2180.89502,56800.0,2180.89502
2011-12-14,2241.386963,2256.743896,2224.725098,2228.524902,44000.0,2228.524902
2011-12-13,2283.2229,2285.813965,2245.86792,2248.590088,58600.0,2248.590088
2011-12-12,2312.149902,2315.811035,2290.262939,2291.544922,39600.0,2291.544922
2011-12-09,2315.512939,2331.259033,2309.457031,2315.27002,40000.0,2315.27002
2011-12-08,2329.909912,2346.654053,2302.64209,2329.820068,51400.0,2329.820068
2011-12-07,2325.562012,2339.846924,2317.813965,2332.72998,41600.0,2332.72998
2011-12-06,2326.659912,2331.89209,2310.155029,2325.905029,46000.0,2325.905029
2011-12-05,2363.111084,2363.126953,2327.610107,2333.229004,52200.0,2333.229004
2011-12-02,2374.898926,2378.299072,2344.845947,2360.664062,59800.0,2360.664062
2011-12-01,2392.485107,2423.559082,2376.916016,2386.860107,98600.0,2386.860107
2011-11-30,2406.329102,2407.325928,2319.439941,2333.414062,76600.0,2333.414062
2011-11-29,2398.993896,2413.325928,2388.201904,2412.393066,55200.0,2412.393066
2011-11-28,2383.893066,2396.826904,2372.156006,2383.033936,46000.0,2383.033936
2011-11-25,2393.326904,2403.941895,2372.62207,2380.224121,45400.0,2380.224121
2011-11-24,2379.145996,2409.718994,2370.695068,2397.553955,52200.0,2397.553955
2011-11-23,2415.197021,2418.560059,2390.654053,2395.063965,50600.0,2395.063965
2011-11-22,2400.983887,2414.850098,2387.825928,2412.625,51400.0,2412.625
2011-11-21,2416.731934,2419.243896,2396.085938,2415.129883,50200.0,2415.129883
2011-11-18,2448.386963,2448.51001,2411.041992,2416.562012,72200.0,2416.562012
2011-11-17,2467.704102,2482.528076,2459.165039,2463.045898,66400.0,2463.045898
2011-11-16,2529.072998,2529.458008,2456.855957,2466.958984,93400.0,2466.958984
2011-11-15,2525.947998,2534.059082,2518.701904,2529.760986,79200.0,2529.760986
2011-11-14,2498.672119,2529.63208,2496.334961,2528.714111,81200.0,2528.714111
2011-11-11,2483.957031,2496.5271,2472.760986,2481.083984,66200.0,2481.083984
2011-11-10,2498.593994,2507.451904,2478.138916,2479.535889,87200.0,2479.535889
2011-11-09,2512.586914,2527.702881,2489.024902,2524.918945,78200.0,2524.918945
2011-11-08,2514.259033,2524.820068,2500.02002,2503.835938,78600.0,2503.835938
2011-11-07,2518.897949,2536.179932,2507.61499,2509.799072,78800.0,2509.799072
2011-11-04,2525.243896,2536.779053,2512.904053,2528.293945,101800.0,2528.293945
2011-11-03,2510.842041,2535.23999,2507.297119,2508.090088,136600.0,2508.090088
2011-11-02,2437.870117,2505.121094,2433.715088,2504.10791,105400.0,2504.10791
2011-11-01,2450.331055,2491.35498,2445.5271,2470.019043,88800.0,2470.019043
2011-10-31,2470.253906,2478.306885,2455.205078,2468.25,84200.0,2468.25
2011-10-28,2462.084961,2483.759033,2456.177002,2473.409912,110000.0,2473.409912
2011-10-27,2432.471924,2449.700928,2426.314941,2435.61499,82400.0,2435.61499
2011-10-26,2398.187012,2448.980957,2394.731934,2427.47998,107400.0,2427.47998
2011-10-25,2366.397949,2414.049072,2357.386963,2409.672119,90800.0,2409.672119
2011-10-24,2322.02002,2371.092041,2307.145996,2370.333008,70800.0,2370.333008
2011-10-21,2330.511963,2340.314941,2313.781982,2317.274902,48400.0,2317.274902
2011-10-20,2365.908936,2368.639893,2315.899902,2331.365967,65400.0,2331.365967
2011-10-19,2387.831055,2401.687988,2374.416992,2377.511963,58600.0,2377.511963
2011-10-18,2423.281982,2425.645996,2378.666992,2383.485107,79600.0,2383.485107
2011-10-17,2434.486084,2452.98999,2424.726074,2440.4021,58200.0,2440.4021
2011-10-14,2429.88501,2437.593994,2409.288086,2431.375,60600.0,2431.375
2011-10-13,2412.832031,2439.639893,2406.281982,2438.790039,87800.0,2438.790039
2011-10-12,2335.488037,2421.691895,2318.62793,2420.0,91600.0,2420.0
2011-10-11,2401.738037,2412.375,2323.412109,2348.516113,64000.0,2348.516113
2011-10-10,2363.077881,2368.148926,2338.685059,2344.787109,41800.0,2344.787109
2011-10-03,2359.218994,2359.218994,2359.218994,2359.218994,0.0,2359.218994
2011-09-30,2368.397949,2377.541992,2348.217041,2359.218994,48800.0,2359.218994
2011-09-29,2378.423096,2387.538086,2358.572021,2365.343018,59200.0,2365.343018
2011-09-28,2427.289062,2430.27002,2383.395996,2392.062012,55800.0,2392.062012
2011-09-27,2410.98999,2423.913086,2395.164062,2415.053955,55200.0,2415.053955
2011-09-26,2416.226074,2441.729004,2384.639893,2393.183105,57400.0,2393.183105
2011-09-23,2411.833008,2440.750977,2400.141113,2433.158936,67400.0,2433.158936
2011-09-22,2491.211914,2499.976074,2442.460938,2443.055908,74600.0,2443.055908
2011-09-21,2450.11499,2517.673096,2438.852051,2512.962891,86600.0,2512.962891
2011-09-20,2433.720947,2460.033936,2426.702881,2447.754883,46200.0,2447.754883
2011-09-19,2469.600098,2469.600098,2437.165039,2437.794922,48800.0,2437.794922
2011-09-16,2490.177002,2499.480957,2475.758057,2482.343018,48000.0,2482.343018
2011-09-15,2482.858887,2496.572021,2477.650879,2479.054932,56000.0,2479.054932
2011-09-14,2478.585938,2485.934082,2439.37207,2484.826904,54000.0,2484.826904
2011-09-13,2467.72998,2477.083008,2453.795898,2471.304932,50000.0,2471.304932
2011-09-09,2506.968994,2528.422119,2487.14502,2497.75293,51200.0,2497.75293
2011-09-08,2523.961914,2524.375977,2498.113037,2498.943115,55200.0,2498.943115
2011-09-07,2480.940918,2516.753906,2475.218018,2516.090088,59600.0,2516.090088
2011-09-06,2465.564941,2482.241943,2459.542969,2470.523926,49200.0,2470.523926
2011-09-05,2510.100098,2510.100098,2478.195068,2478.739014,55000.0,2478.739014
2011-09-02,2551.555908,2557.310059,2517.61792,2528.280029,54400.0,2528.280029
2011-09-01,2569.799072,2584.803955,2547.854004,2556.041992,57200.0,2556.041992
2011-08-31,2566.529053,2574.415039,2545.095947,2567.340088,59200.0,2567.340088
2011-08-30,2592.596924,2615.13501,2563.688965,2566.594971,76000.0,2566.594971
2011-08-29,2595.466064,2595.466064,2570.843994,2576.413086,73600.0,2576.413086
2011-08-26,2602.208008,2616.635986,2593.238037,2612.187988,77800.0,2612.187988
2011-08-25,2546.4021,2616.302979,2545.053955,2615.260986,104600.0,2615.260986
2011-08-24,2562.410889,2569.278076,2536.256104,2541.091064,65400.0,2541.091064
2011-08-23,2524.876953,2554.177979,2514.948975,2554.019043,61000.0,2554.019043
2011-08-22,2534.570068,2553.415039,2507.781982,2515.863037,61200.0,2515.863037
2011-08-19,2519.64502,2538.271973,2513.753906,2534.35791,70600.0,2534.35791
2011-08-18,2601.98999,2603.485107,2556.858887,2559.471924,71000.0,2559.471924
2011-08-17,2603.960938,2617.165039,2596.039062,2601.260986,70200.0,2601.260986
2011-08-16,2627.854004,2636.360107,2601.500977,2608.166016,85200.0,2608.166016
2011-08-15,2598.137939,2627.104004,2584.406982,2626.77002,88600.0,2626.77002
2011-08-12,2593.39502,2605.447021,2585.845947,2593.173096,97200.0,2593.173096
2011-08-11,2508.856934,2582.155029,2505.011963,2581.508057,95600.0,2581.508057
2011-08-10,2562.393066,2579.156006,2544.951904,2549.176025,100400.0,2549.176025
2011-08-09,2468.031982,2537.408936,2437.679932,2526.070068,103800.0,2526.070068
2011-08-08,2599.289062,2614.189941,2497.917969,2526.815918,110400.0,2526.815918
2011-08-05,2620.2771,2644.581055,2605.135986,2626.423096,78600.0,2626.423096
2011-08-04,2683.190918,2698.814941,2675.533936,2684.039062,58800.0,2684.039062
2011-08-03,2659.11792,2688.064941,2654.364014,2678.485107,64000.0,2678.485107
2011-08-02,2689.970947,2689.970947,2651.281006,2679.259033,70000.0,2679.259033
2011-08-01,2697.574951,2712.887939,2688.529053,2703.782959,59000.0,2703.782959
2011-07-29,2706.49707,2721.530029,2681.271973,2701.729004,75400.0,2701.729004
2011-07-28,2701.770996,2712.090088,2684.660889,2708.7771,78400.0,2708.7771
2011-07-27,2690.144043,2726.802002,2680.433105,2723.491943,80400.0,2723.491943
2011-07-26,2685.753906,2704.938965,2677.118896,2703.025879,72800.0,2703.025879
2011-07-25,2759.62793,2759.62793,2680.74707,2688.746094,111200.0,2688.746094
2011-07-22,2769.863037,2782.168945,2763.800049,2770.790039,70200.0,2770.790039
2011-07-21,2795.895996,2799.852051,2763.417969,2765.894043,81800.0,2765.894043
2011-07-20,2810.436035,2817.284912,2779.381104,2794.205078,84000.0,2794.205078
2011-07-19,2804.923096,2809.314941,2790.685059,2796.98291,92800.0,2796.98291
2011-07-18,2821.35791,2826.958984,2807.10791,2816.687988,108200.0,2816.687988
2011-07-15,2803.584961,2821.339111,2794.158936,2820.168945,107400.0,2820.168945
2011-07-14,2798.211914,2811.704102,2788.981934,2810.444092,104600.0,2810.444092
2011-07-13,2756.031982,2797.266113,2756.031982,2795.476074,92000.0,2795.476074
2011-07-12,2783.721924,2783.721924,2752.186035,2754.582031,96600.0,2754.582031
2011-07-11,2789.454102,2807.322021,2780.665039,2802.691895,86000.0,2802.691895
2011-07-08,2797.025879,2807.378906,2784.125,2797.772949,86200.0,2797.772949
2011-07-07,2813.193115,2825.123047,2793.89209,2794.26709,116600.0,2794.26709
2011-07-06,2811.814941,2811.814941,2780.729004,2810.479004,103200.0,2810.479004
2011-07-05,2812.721924,2818.141113,2799.110107,2816.354004,110200.0,2816.354004
2011-07-04,2770.939941,2813.27002,2770.939941,2812.818115,122000.0,2812.818115
2011-07-01,2767.833008,2778.667969,2752.966064,2759.362061,92000.0,2759.362061
2011-06-30,2729.991943,2774.36499,2729.991943,2762.075928,91000.0,2762.075928
2011-06-29,2757.399902,2759.230957,2727.25293,2728.48291,88200.0,2728.48291
2011-06-28,2759.712891,2763.280029,2736.397949,2759.201904,88200.0,2759.201904
2011-06-27,2746.787109,2769.041992,2743.496094,2758.22998,101600.0,2758.22998
2011-06-24,2678.052002,2759.709961,2674.302979,2746.210938,125800.0,2746.210938
2011-06-23,2640.659912,2693.416992,2630.335938,2688.249023,73800.0,2688.249023
2011-06-22,2648.533936,2657.725098,2633.474121,2649.321045,58400.0,2649.321045
2011-06-21,2628.021973,2648.023926,2618.806885,2646.48291,64800.0,2646.48291
2011-06-20,2635.833984,2637.883057,2610.98999,2621.25293,60000.0,2621.25293
2011-06-17,2661.414062,2675.0271,2641.39209,2642.818115,64400.0,2642.818115
2011-06-16,2685.63208,2691.944092,2663.120117,2664.281982,71000.0,2664.281982
2011-06-15,2717.677002,2730.476074,2705.072021,2705.430908,74800.0,2705.430908
2011-06-14,2696.2229,2735.552002,2691.670898,2730.040039,83000.0,2730.040039
2011-06-13,2687.653076,2703.423096,2669.395996,2700.378906,63000.0,2700.378906
2011-06-10,2696.129883,2707.741943,2672.320068,2705.143066,73400.0,2705.143066
2011-06-09,2743.539062,2747.332031,2702.695068,2703.344971,83400.0,2703.344971
2011-06-08,2742.041992,2754.12207,2715.25,2750.288086,74200.0,2750.288086
2011-06-07,2720.969971,2745.77002,2717.312988,2744.300049,65000.0,2744.300049
2011-06-03,2701.772949,2732.427002,2701.25,2728.02002,68000.0,2728.02002
2011-06-02,2715.315918,2727.995117,2676.538086,2705.180908,86000.0,2705.180908
2011-06-01,2737.056885,2744.559082,2726.495117,2743.572021,68600.0,2743.572021
2011-05-31,2707.559082,2744.934082,2702.094971,2743.471924,68000.0,2743.471924
2011-05-30,2704.485107,2728.062012,2689.206055,2706.361084,65200.0,2706.361084
2011-05-27,2739.386963,2746.842041,2708.548096,2709.947021,82600.0,2709.947021
2011-05-26,2755.394043,2764.889893,2734.535889,2736.5271,78800.0,2736.5271
2011-05-25,2764.560059,2771.177002,2737.330078,2741.740967,74400.0,2741.740967
2011-05-24,2766.059082,2771.748047,2744.7771,2767.055908,74800.0,2767.055908
2011-05-23,2853.285889,2853.285889,2771.116943,2774.569092,98600.0,2774.569092
2011-05-20,2858.311035,2866.762939,2850.445068,2858.458984,70800.0,2858.458984
2011-05-19,2879.386963,2884.141113,2856.829102,2859.573975,77000.0,2859.573975
2011-05-18,2846.725098,2877.427002,2843.676025,2872.770996,76800.0,2872.770996
2011-05-17,2846.447021,2869.22998,2821.202881,2852.772949,94800.0,2852.772949
2011-05-16,2864.376953,2877.091064,2846.305908,2849.066895,84600.0,2849.066895
2011-05-13,2846.311035,2871.991943,2832.253906,2871.031006,93200.0,2871.031006
2011-05-12,2864.976074,2876.447998,2843.096924,2844.083008,100200.0,2844.083008
2011-05-11,2890.353027,2897.141113,2868.349121,2883.419922,92400.0,2883.419922
2011-05-10,2876.97998,2891.033936,2865.104004,2890.634033,81200.0,2890.634033
2011-05-09,2868.235107,2885.177979,2861.418945,2872.459961,81600.0,2872.459961
2011-05-06,2842.763916,2881.706055,2834.456055,2863.885986,91000.0,2863.885986
2011-05-05,2854.768066,2880.125,2849.909912,2872.404053,91000.0,2872.404053
2011-05-04,2916.844971,2916.969971,2860.074951,2866.01709,111400.0,2866.01709
2011-05-03,2911.51001,2933.459961,2890.225098,2932.187988,96400.0,2932.187988
2011-04-29,2886.628906,2913.555908,2871.01001,2911.51001,87600.0,2911.51001
2011-04-28,2937.947021,2953.193115,2884.839111,2887.042969,105200.0,2887.042969
2011-04-27,2946.326904,2961.133057,2907.662109,2925.407959,105400.0,2925.407959
2011-04-26,2956.948975,2970.278076,2931.501953,2938.980957,95200.0,2938.980957
2011-04-25,3003.031006,3003.610107,2964.643066,2964.950928,117400.0,2964.950928
2011-04-22,3025.697998,3032.965088,3004.465088,3010.51709,118600.0,3010.51709
2011-04-21,3021.77002,3035.470947,3012.543945,3026.666992,121600.0,3026.666992
2011-04-20,3005.975098,3019.123047,2992.672119,3007.037109,119800.0,3007.037109
2011-04-19,3038.806885,3038.806885,2996.221924,2999.041016,141800.0,2999.041016
2011-04-18,3040.531006,3067.456055,3037.188965,3057.329102,137400.0,3057.329102
2011-04-15,3036.344971,3062.530029,3020.156006,3050.525879,128600.0,3050.525879
2011-04-14,3049.666992,3058.239014,3036.726074,3042.63501,129400.0,3042.63501
2011-04-13,3006.830078,3050.400879,2994.465088,3050.396973,128200.0,3050.396973
2011-04-12,3012.794922,3039.124023,3003.445068,3021.368896,146000.0,3021.368896
2011-04-11,3037.909912,3059.566895,3019.88501,3022.746094,147200.0,3022.746094
2011-04-08,3005.36792,3031.096924,2998.340088,3030.020996,114400.0,3030.020996
2011-04-07,3003.204102,3012.288086,2990.311035,3007.908936,124800.0,3007.908936
2011-04-06,2964.211914,3005.238037,2963.898926,3001.360107,141600.0,3001.360107
2011-04-01,2932.480957,2967.846924,2924.394043,2967.409912,99800.0,2967.409912
2011-03-31,2954.653076,2961.629883,2914.384033,2928.111084,109000.0,2928.111084
2011-03-30,2955.452881,2968.181885,2935.74707,2955.770996,126400.0,2955.770996
2011-03-29,2979.86499,2994.174072,2953.540039,2958.076904,168600.0,2958.076904
2011-03-28,2985.355957,3005.781982,2979.196045,2984.004883,156000.0,2984.004883
2011-03-25,2948.541992,2985.083008,2946.697021,2977.813965,136400.0,2977.813965
2011-03-24,2949.850098,2958.663086,2942.134033,2946.706055,109000.0,2946.706055
2011-03-23,2919.016113,2950.422119,2911.625977,2948.477051,112600.0,2948.477051
2011-03-22,2917.687012,2923.39209,2884.750977,2919.14209,95200.0,2919.14209
2011-03-21,2913.913086,2927.072998,2895.154053,2909.136963,96800.0,2909.136963
2011-03-18,2920.805908,2930.605957,2900.87207,2906.88501,100600.0,2906.88501
2011-03-17,2906.955078,2935.625,2885.650879,2897.298096,137800.0,2897.298096
2011-03-16,2894.251953,2934.018066,2894.251953,2930.803955,130800.0,2930.803955
2011-03-15,2927.983887,2927.983887,2850.945068,2896.256104,155000.0,2896.256104
2011-03-14,2923.981934,2939.6521,2914.458008,2937.626953,117000.0,2937.626953
2011-03-11,2942.418945,2966.97998,2927.683105,2933.795898,116000.0,2933.795898
2011-03-10,2995.768066,2995.768066,2954.366943,2957.143066,123800.0,2957.143066
2011-03-09,3002.545898,3012.043945,2989.342041,3002.154053,124800.0,3002.154053
2011-03-08,2996.727051,3001.625,2976.600098,2999.941895,126600.0,2999.941895
2011-03-07,2952.720947,3000.428955,2952.720947,2996.210938,160200.0,2996.210938
2011-03-04,2902.189941,2944.458984,2898.083984,2942.305908,118200.0,2942.305908
2011-03-03,2918.730957,2937.556885,2900.760986,2902.978027,150400.0,2902.978027
2011-03-02,2905.513916,2924.962891,2883.565918,2913.808105,133400.0,2913.808105
2011-03-01,2906.284912,2931.580078,2901.552002,2918.919922,136600.0,2918.919922
2011-02-28,2880.169922,2906.168945,2861.816895,2905.052979,118800.0,2905.052979
2011-02-25,2876.7771,2890.323975,2848.649902,2878.564941,100000.0,2878.564941
2011-02-24,2861.393066,2881.537109,2854.562988,2878.603027,109800.0,2878.603027
2011-02-23,2844.98999,2868.483887,2839.195068,2862.63501,111000.0,2862.63501
2011-02-22,2941.318115,2944.413086,2851.620117,2855.516113,153000.0,2855.516113
2011-02-21,2886.540039,2932.820068,2884.190918,2932.246094,118800.0,2932.246094
2011-02-18,2924.22998,2924.22998,2890.261963,2899.791992,113800.0,2899.791992
2011-02-17,2929.254883,2939.283936,2905.031982,2926.964111,130400.0,2926.964111
2011-02-16,2893.681885,2924.187988,2882.549072,2923.895996,127800.0,2923.895996
2011-02-15,2900.427002,2934.467041,2892.636963,2899.237061,152400.0,2899.237061
2011-02-14,2828.571045,2906.26001,2828.571045,2899.134033,154200.0,2899.134033
2011-02-11,2815.118896,2835.410889,2807.60498,2827.327881,107800.0,2827.327881
2011-02-10,2769.645996,2819.062988,2760.175049,2818.163086,98000.0,2818.163086
2011-02-09,2778.700928,2804.208008,2764.865967,2774.064941,87200.0,2774.064941
2011-02-01,2795.071045,2805.049072,2785.295898,2798.959961,73400.0,2798.959961
2011-01-31,2751.5271,2790.920898,2748.538086,2790.694092,91600.0,2790.694092
2011-01-28,2741.313965,2759.439941,2733.291016,2752.75,85400.0,2752.75
2011-01-27,2690.824951,2753.000977,2677.209961,2749.149902,105600.0,2749.149902
2011-01-26,2677.172119,2710.738037,2676.769043,2708.813965,60800.0,2708.813965
2011-01-25,2691.693115,2701.043945,2661.447998,2677.431885,69400.0,2677.431885
2011-01-24,2716.523926,2736.108887,2690.6521,2695.718994,88000.0,2695.718994
2011-01-21,2668.677002,2746.177979,2667.285889,2715.293945,95600.0,2715.293945
2011-01-20,2752.799072,2752.799072,2676.128906,2677.6521,86000.0,2677.6521
2011-01-19,2707.815918,2759.602051,2700.811035,2758.096924,78400.0,2758.096924
2011-01-18,2696.146973,2715.406006,2683.366943,2708.979004,60400.0,2708.979004
2011-01-17,2772.449951,2780.941895,2698.781006,2706.659912,92600.0,2706.659912
2011-01-14,2817.048096,2817.048096,2780.437988,2791.343994,76800.0,2791.343994
2011-01-13,2830.533936,2837.525879,2810.874023,2827.711914,74800.0,2827.711914
2011-01-12,2811.784912,2828.468018,2788.129883,2821.304932,79200.0,2821.304932
2011-01-11,2783.476074,2810.761963,2770.337891,2804.047119,80600.0,2804.047119
2011-01-10,2832.62207,2847.35791,2786.861084,2791.809082,90800.0,2791.809082
2011-01-07,2820.665039,2868.004883,2807.870117,2838.801025,113200.0,2838.801025
2011-01-06,2838.435059,2853.875,2816.950928,2824.197021,84800.0,2824.197021
2011-01-05,2833.115967,2850.49292,2824.295898,2839.220947,104400.0,2839.220947
2011-01-04,2825.329102,2855.395996,2810.10791,2852.647949,110000.0,2852.647949
2010-12-31,2759.162109,2808.926025,2758.131104,2808.076904,83400.0,2808.076904
2010-12-30,2751.971924,2768.125977,2724.541016,2759.574951,73200.0,2759.574951
2010-12-29,2735.476074,2753.024902,2721.479004,2751.5271,64000.0,2751.5271
2010-12-28,2768.031006,2775.148926,2730.406982,2732.98999,84400.0,2732.98999
2010-12-27,2842.806885,2876.811035,2774.538086,2781.4021,97800.0,2781.4021
2010-12-24,2841.344971,2853.486084,2813.496094,2835.156982,81200.0,2835.156982
2010-12-23,2874.201904,2893.709961,2849.835938,2855.219971,89000.0,2855.219971
2010-12-22,2910.72998,2917.197998,2867.049072,2877.899902,98400.0,2877.899902
2010-12-21,2857.589111,2908.166016,2846.633057,2904.11499,106800.0,2904.11499
2010-12-17,2896.77002,2898.812988,2881.003906,2893.73999,73600.0,2893.73999
2010-12-16,2908.86499,2921.274902,2891.85791,2898.137939,87600.0,2898.137939
2010-12-15,2927.263916,2939.050049,2905.648926,2911.414062,109400.0,2911.414062
2010-12-14,2928.300049,2933.406006,2912.419922,2927.076904,121000.0,2927.076904
2010-12-13,2850.324951,2923.773926,2847.657959,2922.954102,128800.0,2922.954102
2010-12-10,2798.736084,2850.422119,2792.520996,2841.040039,80400.0,2841.040039
2010-12-09,2837.61499,2854.699951,2808.506104,2810.948975,94600.0,2810.948975
2010-12-08,2868.73291,2880.558105,2843.939941,2848.545898,86800.0,2848.545898
2010-12-07,2843.76709,2884.530029,2809.110107,2875.861084,86800.0,2875.861084
2010-12-06,2850.38208,2871.406982,2831.697021,2857.177002,89800.0,2857.177002
2010-12-03,2846.725098,2853.400879,2822.741943,2842.429932,83600.0,2842.429932
2010-12-02,2860.464111,2870.805908,2841.4729,2843.606934,104200.0,2843.606934
2010-12-01,2810.542969,2834.198975,2795.811035,2823.448975,81200.0,2823.448975
2010-11-30,2863.412109,2881.159912,2758.924072,2820.180908,139400.0,2820.180908
2010-11-29,2861.148926,2878.826904,2841.794922,2866.355957,102400.0,2866.355957
2010-11-26,2890.287109,2894.420898,2851.957031,2871.697998,110800.0,2871.697998
2010-11-25,2875.85791,2901.675049,2856.960938,2898.260986,131600.0,2898.260986
2010-11-24,2794.864014,2861.485107,2794.864014,2859.936035,116200.0,2859.936035
2010-11-23,2872.170898,2872.170898,2791.583984,2828.281982,116400.0,2828.281982
2010-11-22,2861.605957,2904.969971,2852.773926,2884.371094,127200.0,2884.371094
2010-11-19,2879.655029,2888.75,2806.644043,2888.565918,123800.0,2888.565918
2010-11-18,2855.60498,2873.696045,2827.178955,2865.451904,102200.0,2865.451904
2010-11-17,2852.478027,2891.052002,2824.121094,2838.856934,123800.0,2838.856934
2010-11-16,3007.643066,3007.643066,2885.75293,2894.538086,171000.0,2894.538086
2010-11-15,2984.87207,3016.131104,2939.679932,3014.413086,153200.0,3014.413086
2010-11-12,3121.922119,3150.145996,2975.163086,2985.435059,233000.0,2985.435059
2010-11-11,3108.510986,3186.719971,3102.772949,3147.743896,210200.0,3147.743896
2010-11-10,3120.439941,3124.256104,3093.876953,3115.355957,185000.0,3115.355957
2010-11-09,3159.019043,3159.019043,3110.343018,3135.0,192400.0,3135.0
2010-11-08,3140.395996,3160.698975,3124.091064,3159.511963,205400.0,3159.511963
2010-11-05,3129.870117,3142.587891,3105.920898,3129.49707,212000.0,3129.49707
2010-11-04,3035.365967,3087.419922,3035.365967,3086.938965,176800.0,3086.938965
2010-11-03,3044.020996,3069.065918,3017.0979,3030.988037,189800.0,3030.988037
2010-11-02,3061.631104,3089.568115,3029.322998,3045.434082,225000.0,3045.434082
2010-11-01,2986.885986,3054.050049,2986.885986,3054.020996,186200.0,3054.020996
2010-10-29,2993.295898,2996.773926,2955.47998,2978.834961,147200.0,2978.834961
2010-10-28,2989.290039,3007.012939,2969.303955,2992.579102,143600.0,2992.579102
2010-10-27,3031.64502,3056.398926,2988.871094,2997.048096,176200.0,2997.048096
2010-10-26,3065.843994,3073.384033,3017.818115,3041.542969,198800.0,3041.542969
2010-10-25,2979.706055,3051.539062,2959.298096,3051.417969,192200.0,3051.417969
2010-10-22,2976.753906,2997.624023,2954.618896,2975.042969,147000.0,2975.042969
2010-10-21,3009.225098,3018.243896,2958.545898,2983.531982,161400.0,2983.531982
2010-10-20,2947.510986,3041.150879,2942.504883,3003.950928,207800.0,3003.950928
2010-10-19,2949.629883,3002.371094,2931.909912,3001.853027,170600.0,3001.853027
2010-10-18,2985.460938,3026.099121,2944.715088,2955.227051,263400.0,2955.227051
2010-10-15,2863.738037,2971.159912,2858.216064,2971.159912,236600.0,2971.159912
2010-10-14,2881.552002,2919.414062,2864.519043,2879.635986,229400.0,2879.635986
2010-10-13,2842.137939,2862.034912,2826.220947,2861.361084,185200.0,2861.361084
2010-10-12,2795.763916,2843.427979,2782.341064,2841.406982,167400.0,2841.406982
2010-10-11,2755.025879,2823.595947,2755.025879,2806.941895,207600.0,2806.941895
2010-10-08,2681.25293,2747.804932,2677.993896,2738.743896,135800.0,2738.743896
2010-09-30,2599.715088,2655.999023,2597.596924,2655.657959,89600.0,2655.657959
2010-09-29,2608.918945,2634.124023,2603.927002,2610.677979,88600.0,2610.677979
2010-09-28,2625.325928,2625.325928,2607.018066,2611.354004,93200.0,2611.354004
2010-09-27,2600.540039,2629.044922,2597.138916,2627.967041,76800.0,2627.967041
2010-09-21,2593.762939,2601.099121,2580.177002,2591.550049,58200.0,2591.550049
2010-09-20,2601.481934,2607.346924,2573.628906,2588.712891,79400.0,2588.712891
2010-09-17,2607.551025,2615.079102,2592.534912,2598.688965,83200.0,2598.688965
2010-09-16,2646.920898,2653.271973,2583.336914,2602.465088,119000.0,2602.465088
2010-09-15,2688.385986,2688.48999,2645.864014,2652.50293,122000.0,2652.50293